日期,股票代码,名称,收盘价,最高价,最低价,开盘价,前收盘,涨跌额,涨跌幅,成交量,成交金额
2019-07-01,'000732,泰禾集团,16.81,16.83,16.56,16.74,16.5,0.31,1.8788,15521507,259409343.16
2019-06-28,'000732,泰禾集团,16.5,16.78,16.28,16.32,16.37,0.13,0.7941,16991596,281192008.96
2019-06-27,'000732,泰禾集团,16.37,16.39,16.16,16.25,16.24,0.13,0.8005,7990910,130219929.83
2019-06-26,'000732,泰禾集团,16.24,16.29,16.05,16.05,16.17,0.07,0.4329,5347875,86558215.2
2019-06-25,'000732,泰禾集团,16.17,16.29,15.95,16.23,16.33,-0.16,-0.9798,7206879,116187985.41
2019-06-24,'000732,泰禾集团,16.33,16.46,16.12,16.4,16.5,-0.17,-1.0303,9188466,149264382.13
2019-06-21,'000732,泰禾集团,16.5,16.6,16.33,16.39,16.36,0.14,0.8557,13737445,225806898.14
2019-06-20,'000732,泰禾集团,16.36,16.48,16.02,16.28,16.18,0.18,1.1125,12006164,195713401.74
2019-06-19,'000732,泰禾集团,16.18,16.76,16.11,16.54,16.2,-0.02,-0.1235,11054421,181034240.24
2019-06-18,'000732,泰禾集团,16.2,16.57,16.07,16.11,16.08,0.12,0.7463,10162873,165230642.22
2019-06-17,'000732,泰禾集团,16.08,16.38,15.99,15.99,15.65,0.43,2.7476,13020460,210639091.14
2019-06-14,'000732,泰禾集团,15.65,16.07,15.61,15.94,15.81,-0.16,-1.012,8270132,131073727.78
2019-06-13,'000732,泰禾集团,15.81,15.98,15.69,15.76,15.76,0.05,0.3173,7860250,124291385.65
2019-06-12,'000732,泰禾集团,15.76,16.07,15.68,15.97,16.14,-0.38,-2.3544,10870776,172102398.02
2019-06-11,'000732,泰禾集团,16.14,16.14,15.73,15.73,15.68,0.46,2.9337,13886727,222103161.06
2019-06-10,'000732,泰禾集团,15.68,16.29,15.1,15.1,15.08,0.6,3.9788,12019934,189459550.44
2019-06-06,'000732,泰禾集团,15.08,15.39,15.04,15.33,15.37,-0.29,-1.8868,6360206,96669425.39
2019-06-05,'000732,泰禾集团,15.37,15.68,15.2,15.32,15.1,0.27,1.7881,7309241,112788990.18
2019-06-04,'000732,泰禾集团,15.1,15.49,15.04,15.3,15.32,-0.22,-1.436,5846301,89228971.81
2019-06-03,'000732,泰禾集团,15.32,15.56,15.04,15.43,15.5,-0.18,-1.1613,8760832,134031416.44
2019-05-31,'000732,泰禾集团,15.5,15.82,15.49,15.76,15.76,-0.26,-1.6497,6389602,100042530.79
2019-05-30,'000732,泰禾集团,15.76,15.85,15.57,15.74,15.69,0.07,0.4461,7097895,111573298.9
2019-05-29,'000732,泰禾集团,15.69,15.84,15.53,15.7,15.79,-0.1,-0.6333,6497695,101962845.72
2019-05-28,'000732,泰禾集团,15.79,16.07,15.73,15.9,15.91,-0.12,-0.7542,8713486,138395420.13
2019-05-27,'000732,泰禾集团,15.91,15.93,15.31,15.74,15.74,0.17,1.0801,10181399,159376262.69
2019-05-24,'000732,泰禾集团,15.74,15.82,15.52,15.63,15.63,0.11,0.7038,6186335,96912242.89
2019-05-23,'000732,泰禾集团,15.63,15.87,15.5,15.75,15.75,-0.12,-0.7619,8826263,138177419.94
2019-05-22,'000732,泰禾集团,15.75,16.4,15.64,16.29,16.4,-0.65,-3.9634,12750353,202774000.21
2019-05-21,'000732,泰禾集团,16.4,16.44,15.25,15.25,15.3,1.1,7.1895,16678641,267310551.62
2019-05-20,'000732,泰禾集团,15.3,16.11,14.87,16.11,16.18,-0.88,-5.4388,15634795,239314544.16
2019-05-17,'000732,泰禾集团,16.18,17.05,16.11,16.75,16.72,-0.54,-3.2297,10954954,182418199.76
2019-05-16,'000732,泰禾集团,16.72,16.86,16.6,16.7,16.88,-0.16,-0.9479,8006874,133794419.49
2019-05-15,'000732,泰禾集团,16.88,16.96,16.6,16.9,16.71,0.17,1.0174,11161678,187476486.72
2019-05-14,'000732,泰禾集团,16.71,17.04,16.27,16.32,16.45,0.26,1.5805,12166086,204158480.36
2019-05-13,'000732,泰禾集团,16.45,16.7,16.17,16.24,16.39,0.06,0.3661,10923161,180511886.33
2019-05-10,'000732,泰禾集团,16.39,16.46,15.74,16.01,15.96,0.43,2.6942,16930518,275074647.68
2019-05-09,'000732,泰禾集团,15.96,16.74,15.86,16.74,17.5,-1.54,-8.8,22291347,360959386.87
2019-05-08,'000732,泰禾集团,17.5,17.73,16.8,16.86,17.3,0.2,1.1561,11735254,203980180.93
2019-05-07,'000732,泰禾集团,17.3,17.31,16.75,16.75,16.63,0.67,4.0289,12249816,208500726.06
2019-05-06,'000732,泰禾集团,16.63,17.75,16.39,17.51,18.17,-1.54,-8.4755,13014733,222841418.86
2019-04-30,'000732,泰禾集团,18.17,18.29,17.72,17.89,18.03,0.14,0.7765,10845227,194934000.96
2019-04-29,'000732,泰禾集团,18.03,18.15,17.58,18.0,18.01,0.02,0.111,12368868,220971356.65
2019-04-26,'000732,泰禾集团,18.01,18.35,17.81,17.97,17.9,0.11,0.6145,13472258,243868009.08
2019-04-25,'000732,泰禾集团,17.9,18.66,17.9,18.38,18.39,-0.49,-2.6645,12690877,232484482.02
2019-04-24,'000732,泰禾集团,18.39,18.71,17.98,18.65,18.63,-0.24,-1.2882,14948275,272766809.99
2019-04-23,'000732,泰禾集团,18.63,18.84,18.43,18.5,18.51,0.12,0.6483,10381696,194118659.71
2019-04-22,'000732,泰禾集团,18.51,19.64,18.49,19.62,19.53,-1.02,-5.2227,19005736,359031836.05
2019-04-19,'000732,泰禾集团,19.53,19.69,19.3,19.43,19.52,0.01,0.0512,9594936,187182215.39
2019-04-18,'000732,泰禾集团,19.52,19.79,19.41,19.5,19.5,0.02,0.1026,13269619,259809349.5
2019-04-17,'000732,泰禾集团,19.5,19.9,19.34,19.9,20.05,-0.55,-2.7431,22424125,438206757.48
2019-04-16,'000732,泰禾集团,20.05,20.06,19.15,20.0,20.1,-0.05,-0.2488,22862820,446385422.97
2019-04-15,'000732,泰禾集团,20.1,21.18,20.1,21.04,20.21,-0.11,-0.5443,20109778,415601533.08
2019-04-12,'000732,泰禾集团,20.21,20.62,19.93,20.5,20.59,-0.38,-1.8456,12798860,258367331.04
2019-04-11,'000732,泰禾集团,20.59,20.76,19.96,20.51,20.25,0.34,1.679,24409696,499369996.93
2019-04-10,'000732,泰禾集团,20.25,20.59,19.7,20.28,20.29,-0.04,-0.1971,16782193,338324605.34
2019-04-09,'000732,泰禾集团,20.29,20.74,20.01,20.18,19.99,0.3,1.5008,23312528,475256526.22
2019-04-08,'000732,泰禾集团,19.99,21.27,19.63,21.12,21.03,-1.04,-4.9453,35734201,725020644.24
2019-04-04,'000732,泰禾集团,21.03,21.59,20.88,21.48,21.07,-0.04,-0.1898,22716314,480806370.15
2019-04-03,'000732,泰禾集团,21.07,21.45,20.71,21.28,21.68,-0.61,-2.8137,26683340,562502206.66
2019-04-02,'000732,泰禾集团,21.68,22.06,20.8,20.8,20.23,1.45,7.1676,49744646,1061515667.17
2019-04-01,'000732,泰禾集团,20.23,20.48,19.3,19.3,18.94,1.29,6.811,38908092,775871269.09
2019-03-29,'000732,泰禾集团,18.94,19.15,17.63,17.78,17.48,1.46,8.3524,31936596,591469978.81
2019-03-28,'000732,泰禾集团,17.48,19.0,17.44,18.9,18.86,-1.38,-7.3171,27549512,498869396.11
2019-03-27,'000732,泰禾集团,18.86,19.12,18.34,18.79,18.57,0.29,1.5617,19353130,363023651.57
2019-03-26,'000732,泰禾集团,18.57,19.46,18.48,19.39,19.19,-0.62,-3.2308,24877207,471607747.43
2019-03-25,'000732,泰禾集团,19.19,20.54,19.17,20.15,20.87,-1.68,-8.0498,36580477,727004431.5
2019-03-22,'000732,泰禾集团,20.87,20.97,18.98,19.25,19.44,1.43,7.356,37772974,741797033.14
2019-03-21,'000732,泰禾集团,19.44,20.12,19.3,19.71,19.73,-0.29,-1.4698,39864625,783205865.8
2019-03-20,'000732,泰禾集团,19.73,20.5,19.11,19.21,19.08,0.65,3.4067,52706699,1038021066.38
2019-03-19,'000732,泰禾集团,19.08,20.12,18.91,19.2,18.29,0.79,4.3193,63464316,1240750102.87
2019-03-18,'000732,泰禾集团,18.29,18.29,16.63,16.95,16.63,1.66,9.982,47717342,829110439.47
2019-03-15,'000732,泰禾集团,16.63,16.66,15.81,15.85,15.75,0.88,5.5873,41526560,678064450.56
2019-03-14,'000732,泰禾集团,15.75,16.4,15.56,15.83,15.82,-0.07,-0.4425,30592757,489569214.95
2019-03-13,'000732,泰禾集团,15.82,16.17,15.3,15.39,15.31,0.51,3.3312,37691592,595231914.84
2019-03-12,'000732,泰禾集团,15.31,15.66,15.08,15.42,15.35,-0.04,-0.2606,26877655,414783922.69
2019-03-11,'000732,泰禾集团,15.35,15.42,14.62,14.68,15.16,0.19,1.2533,24169184,362459193.07
2019-03-08,'000732,泰禾集团,15.16,15.98,15.16,15.96,16.18,-1.02,-6.3041,31226949,488769508.74
2019-03-07,'000732,泰禾集团,16.18,16.39,15.91,16.14,16.21,-0.03,-0.1851,31613146,509764374.65
2019-03-06,'000732,泰禾集团,16.21,16.3,15.92,16.3,16.25,-0.04,-0.2462,35694225,574261377.95
2019-03-05,'000732,泰禾集团,16.25,16.58,15.95,16.15,15.94,0.31,1.9448,43831163,712077214.8
2019-03-04,'000732,泰禾集团,15.94,16.57,15.25,15.36,15.21,0.73,4.7995,63194841,1004227280.8
2019-03-01,'000732,泰禾集团,15.21,15.49,14.96,15.38,15.31,-0.1,-0.6532,25634252,387147480.6
2019-02-28,'000732,泰禾集团,15.31,15.87,15.25,15.55,15.54,-0.23,-1.4801,29404401,456055034.28
2019-02-27,'000732,泰禾集团,15.54,15.83,15.05,15.15,15.17,0.37,2.439,43567254,672698974.47
2019-02-26,'000732,泰禾集团,15.17,15.85,15.17,15.45,15.43,-0.26,-1.685,41932904,648730914.1
2019-02-25,'000732,泰禾集团,15.43,15.5,14.59,14.76,14.69,0.74,5.0374,45116144,680513772.04
2019-02-22,'000732,泰禾集团,14.69,14.7,14.4,14.41,14.51,0.18,1.2405,22182658,322822536.8
2019-02-21,'000732,泰禾集团,14.51,14.92,14.43,14.9,14.8,-0.29,-1.9595,39507563,577690148.09
2019-02-20,'000732,泰禾集团,14.8,15.29,14.0,14.07,14.0,0.8,5.7143,59597199,874558240.63
2019-02-19,'000732,泰禾集团,14.0,14.14,13.87,13.96,13.88,0.12,0.8646,29160627,408097807.49
2019-02-18,'000732,泰禾集团,13.88,13.88,13.5,13.59,13.52,0.36,2.6627,22661193,310316974.97
2019-02-15,'000732,泰禾集团,13.52,13.85,13.5,13.85,13.92,-0.4,-2.8736,19511100,266258286.52
2019-02-14,'000732,泰禾集团,13.92,14.16,13.83,13.95,13.92,0.0,0.0,18908010,263841183.92
2019-02-13,'000732,泰禾集团,13.92,14.05,13.68,13.72,13.78,0.14,1.016,39754132,552345923.01
2019-02-12,'000732,泰禾集团,13.78,13.85,13.43,13.63,13.73,0.05,0.3642,18051394,246615270.19
2019-02-11,'000732,泰禾集团,13.73,13.8,13.6,13.68,13.63,0.1,0.7337,20865052,285893130.87
2019-02-01,'000732,泰禾集团,13.63,13.68,13.5,13.6,13.54,0.09,0.6647,7168017,97572941.67
2019-01-31,'000732,泰禾集团,13.54,13.67,13.45,13.6,13.48,0.06,0.4451,10641418,144549766.22
2019-01-30,'000732,泰禾集团,13.48,13.71,13.39,13.5,13.55,-0.07,-0.5166,12000569,162378536.25
2019-01-29,'000732,泰禾集团,13.55,13.6,13.31,13.6,13.6,-0.05,-0.3676,10086630,136037312.46
2019-01-28,'000732,泰禾集团,13.6,13.77,13.39,13.73,13.7,-0.1,-0.7299,11888728,161234384.79
2019-01-25,'000732,泰禾集团,13.7,13.87,13.7,13.84,13.84,-0.14,-1.0116,8150316,112326469.9
2019-01-24,'000732,泰禾集团,13.84,13.84,13.7,13.79,13.85,-0.01,-0.0722,6805870,93772472.67
2019-01-23,'000732,泰禾集团,13.85,13.91,13.67,13.8,13.9,-0.05,-0.3597,9856133,135689874.11
2019-01-22,'000732,泰禾集团,13.9,14.26,13.69,13.9,13.93,-0.03,-0.2154,10493512,145776684.76
2019-01-21,'000732,泰禾集团,13.93,13.97,13.77,13.92,13.96,-0.03,-0.2149,8217672,113990377.95
2019-01-18,'000732,泰禾集团,13.96,14.0,13.81,13.9,13.93,0.03,0.2154,5128844,71394005.86
2019-01-17,'000732,泰禾集团,13.93,14.04,13.83,13.97,14.01,-0.08,-0.571,4573084,63527754.24
2019-01-16,'000732,泰禾集团,14.01,14.16,14.0,14.01,14.0,0.01,0.0714,4305615,60526789.67
2019-01-15,'000732,泰禾集团,14.0,14.01,13.8,13.93,13.93,0.07,0.5025,4390223,61172217.59
2019-01-14,'000732,泰禾集团,13.93,14.0,13.79,13.93,13.96,-0.03,-0.2149,3896127,54057740.96
2019-01-11,'000732,泰禾集团,13.96,14.04,13.91,13.99,13.96,0.0,0.0,3420800,47843810.3
2019-01-10,'000732,泰禾集团,13.96,14.28,13.88,14.28,14.3,-0.34,-2.3776,6743649,94569374.64
2019-01-09,'000732,泰禾集团,14.3,14.5,14.29,14.34,14.32,-0.02,-0.1397,9294960,133713884.72
2019-01-08,'000732,泰禾集团,14.32,14.33,14.12,14.23,14.22,0.1,0.7032,4649988,66229699.42
2019-01-07,'000732,泰禾集团,14.22,14.68,14.17,14.27,14.14,0.08,0.5658,6711240,95971700.74
2019-01-04,'000732,泰禾集团,14.14,14.27,13.8,13.84,13.93,0.21,1.5075,5271799,74311916.64
2019-01-03,'000732,泰禾集团,13.93,14.17,13.85,13.92,13.97,-0.04,-0.2863,3611805,50453754.93
2019-01-02,'000732,泰禾集团,13.97,13.98,13.8,13.96,14.02,-0.05,-0.3566,3634433,50524487.16
2018-12-28,'000732,泰禾集团,14.02,14.11,13.71,13.94,14.03,-0.01,-0.0713,10420317,144954996.87
2018-12-27,'000732,泰禾集团,14.03,14.27,13.73,14.25,14.05,-0.02,-0.1423,7518035,104971707.13
2018-12-26,'000732,泰禾集团,14.05,14.16,13.87,14.09,14.1,-0.05,-0.3546,4672501,65470021.5
2018-12-25,'000732,泰禾集团,14.1,14.3,13.93,14.3,14.38,-0.28,-1.9471,3961400,55699592.4
2018-12-24,'000732,泰禾集团,14.38,14.55,14.24,14.44,14.47,-0.09,-0.622,4683633,67508285.89
2018-12-21,'000732,泰禾集团,14.47,14.58,14.05,14.42,14.6,-0.13,-0.8904,5775018,82650880.35
2018-12-20,'000732,泰禾集团,14.6,14.79,14.37,14.54,14.6,0.0,0.0,3717603,54238976.83
2018-12-19,'000732,泰禾集团,14.6,14.95,14.47,14.57,14.55,0.05,0.3436,5297732,77857750.11
2018-12-18,'000732,泰禾集团,14.55,14.61,14.18,14.5,14.67,-0.12,-0.818,6593816,94986538.73
2018-12-17,'000732,泰禾集团,14.67,14.96,14.5,14.83,14.91,-0.24,-1.6097,5573259,81608060.33
2018-12-14,'000732,泰禾集团,14.91,15.43,14.91,15.35,15.38,-0.47,-3.0559,4614720,70066520.43
2018-12-13,'000732,泰禾集团,15.38,15.55,15.03,15.18,15.06,0.32,2.1248,6233478,95804062.34
2018-12-12,'000732,泰禾集团,15.06,15.35,15.06,15.09,15.02,0.04,0.2663,3665565,55598936.84
2018-12-11,'000732,泰禾集团,15.02,15.07,14.74,14.91,14.9,0.12,0.8054,4248944,63407660.31
2018-12-10,'000732,泰禾集团,14.9,15.39,14.73,15.26,15.33,-0.43,-2.805,5689687,85336726.25
2018-12-07,'000732,泰禾集团,15.33,15.47,15.3,15.32,15.33,0.0,0.0,3494100,53745853.66
2018-12-06,'000732,泰禾集团,15.33,15.55,15.22,15.55,15.67,-0.34,-2.1698,5397703,82772523.84
2018-12-05,'000732,泰禾集团,15.67,15.79,15.22,15.39,15.53,0.14,0.9015,7390204,115167352.91
2018-12-04,'000732,泰禾集团,15.53,15.67,15.31,15.52,15.62,-0.09,-0.5762,6415375,99209575.83
2018-12-03,'000732,泰禾集团,15.62,15.9,15.39,15.85,15.49,0.13,0.8393,9816759,153268748.9
2018-11-30,'000732,泰禾集团,15.49,15.61,15.3,15.48,15.53,-0.04,-0.2576,4473976,69228865.89
2018-11-29,'000732,泰禾集团,15.53,16.17,15.52,16.17,16.02,-0.49,-3.0587,6905567,109044288.54
2018-11-28,'000732,泰禾集团,16.02,16.02,15.33,15.5,15.58,0.44,2.8241,7602947,119425138.81
2018-11-27,'000732,泰禾集团,15.58,15.95,15.5,15.85,15.81,-0.23,-1.4548,5951669,93275792.25
2018-11-26,'000732,泰禾集团,15.81,16.18,15.45,15.67,15.55,0.26,1.672,8127766,128780453.82
2018-11-23,'000732,泰禾集团,15.55,16.29,15.51,16.2,16.26,-0.71,-4.3665,9457739,149138385.46
2018-11-22,'000732,泰禾集团,16.26,16.58,15.8,16.08,16.03,0.23,1.4348,10185926,165214576.09
2018-11-21,'000732,泰禾集团,16.03,16.17,15.49,15.57,15.84,0.19,1.1995,10073991,160835738.03
2018-11-20,'000732,泰禾集团,15.84,16.76,15.75,16.36,16.62,-0.78,-4.6931,12409319,201225834.32
2018-11-19,'000732,泰禾集团,16.62,16.75,16.01,16.09,16.07,0.55,3.4225,22232661,366075578.52
2018-11-16,'000732,泰禾集团,16.07,16.16,15.37,15.48,15.57,0.5,3.2113,24098403,382512172.48
2018-11-15,'000732,泰禾集团,15.57,15.79,15.38,15.38,15.57,0.0,0.0,10983218,170672450.33
2018-11-14,'000732,泰禾集团,15.57,16.16,15.46,15.64,15.43,0.14,0.9073,18096851,285225335.09
2018-11-13,'000732,泰禾集团,15.43,15.66,14.63,14.69,14.8,0.63,4.2568,19060735,291655383.58
2018-11-12,'000732,泰禾集团,14.8,14.8,14.49,14.59,14.52,0.28,1.9284,4940636,72520618.37
2018-11-09,'000732,泰禾集团,14.52,14.73,14.41,14.47,14.49,0.03,0.207,4134203,60326342.98
2018-11-08,'000732,泰禾集团,14.49,14.74,14.49,14.67,14.6,-0.11,-0.7534,4576651,66827761.46
2018-11-07,'000732,泰禾集团,14.6,14.84,14.56,14.79,14.83,-0.23,-1.5509,5802538,85153866.79
2018-11-06,'000732,泰禾集团,14.83,14.93,14.63,14.73,14.74,0.09,0.6106,6533267,96555597.51
2018-11-05,'000732,泰禾集团,14.74,14.96,14.59,14.93,15.08,-0.34,-2.2546,9692733,143145277.27
2018-11-02,'000732,泰禾集团,15.08,15.16,14.7,15.08,14.88,0.2,1.3441,12061264,179944465.13
2018-11-01,'000732,泰禾集团,14.88,15.21,14.8,14.81,14.68,0.2,1.3624,12700430,190599302.9
2018-10-31,'000732,泰禾集团,14.68,14.87,14.51,14.61,14.7,-0.02,-0.1361,10067237,147570444.36
2018-10-30,'000732,泰禾集团,14.7,14.87,14.25,14.66,14.65,0.05,0.3413,12389426,180778163.55
2018-10-29,'000732,泰禾集团,14.65,15.66,14.57,15.08,15.05,-0.4,-2.6578,14402530,217448005.37
2018-10-26,'000732,泰禾集团,15.05,15.94,14.71,14.83,14.88,0.17,1.1425,21669627,331885199.7
2018-10-25,'000732,泰禾集团,14.88,15.15,13.5,13.5,13.9,0.98,7.0504,19405111,282484044.78
2018-10-24,'000732,泰禾集团,13.9,14.25,13.75,13.88,14.1,-0.2,-1.4184,4169766,58200711.45
2018-10-23,'000732,泰禾集团,14.1,14.6,14.09,14.56,14.57,-0.47,-3.2258,4334596,61948584.78
2018-10-22,'000732,泰禾集团,14.57,14.79,14.01,14.05,13.97,0.6,4.2949,6862947,99128927.35
2018-10-19,'000732,泰禾集团,13.97,14.17,13.7,13.76,13.87,0.1,0.721,4279094,59736368.91
2018-10-18,'000732,泰禾集团,13.87,13.92,13.69,13.83,13.94,-0.07,-0.5022,4202972,58052122.01
2018-10-17,'000732,泰禾集团,13.94,14.15,13.41,13.91,13.95,-0.01,-0.0717,5937090,82071139.04
2018-10-16,'000732,泰禾集团,13.95,14.03,13.69,13.9,14.0,-0.05,-0.3571,5052900,70130855.23
2018-10-15,'000732,泰禾集团,14.0,14.05,13.63,13.95,14.01,-0.01,-0.0714,6795946,94251644.93
2018-10-12,'000732,泰禾集团,14.01,14.1,13.4,13.82,14.0,0.01,0.0714,6393107,88194455.08
2018-10-11,'000732,泰禾集团,14.0,14.29,13.35,14.16,14.65,-0.65,-4.4369,13065891,181745666.18
2018-10-10,'000732,泰禾集团,14.65,14.85,14.53,14.69,14.73,-0.08,-0.5431,3404729,50012961.48
2018-10-09,'000732,泰禾集团,14.73,14.78,14.6,14.78,14.9,-0.17,-1.1409,4106459,60331191.38
2018-10-08,'000732,泰禾集团,14.9,14.98,14.23,14.89,15.48,-0.58,-3.7468,13755909,201981364.53
2018-09-28,'000732,泰禾集团,15.48,15.58,15.34,15.44,15.46,0.02,0.1294,7448593,115153169.76
2018-09-27,'000732,泰禾集团,15.46,15.51,15.25,15.39,15.43,0.03,0.1944,6975477,107200815.29
2018-09-26,'000732,泰禾集团,15.43,15.6,15.25,15.46,15.46,-0.03,-0.194,7224224,111351848.54
2018-09-25,'000732,泰禾集团,15.46,15.5,15.29,15.5,16.03,-0.57,-3.5558,11719364,180385360.04
2018-09-21,'000732,泰禾集团,16.03,16.3,15.65,15.91,15.77,0.26,1.6487,14870188,237885065.46
2018-09-20,'000732,泰禾集团,15.77,15.92,15.67,15.8,16.0,-0.23,-1.4375,11252196,177590785.28
2018-09-19,'000732,泰禾集团,16.0,16.8,15.37,15.43,15.45,0.55,3.5599,22884223,368710893.46
2018-09-18,'000732,泰禾集团,15.45,15.45,15.09,15.15,15.15,0.3,1.9802,5187209,79382664.61
2018-09-17,'000732,泰禾集团,15.15,15.36,15.05,15.34,15.34,-0.19,-1.2386,3730960,56657221.6
2018-09-14,'000732,泰禾集团,15.34,15.45,15.16,15.45,15.4,-0.06,-0.3896,4082649,62391311.09
2018-09-13,'000732,泰禾集团,15.4,15.52,15.18,15.46,15.31,0.09,0.5879,4702291,72171331.42
2018-09-12,'000732,泰禾集团,15.31,15.44,15.21,15.36,15.38,-0.07,-0.4551,4130789,63240163.93
2018-09-11,'000732,泰禾集团,15.38,15.6,15.29,15.41,15.5,-0.12,-0.7742,6112647,93881758.79
2018-09-10,'000732,泰禾集团,15.5,15.87,15.44,15.66,15.6,-0.1,-0.641,6944397,108835240.36
2018-09-07,'000732,泰禾集团,15.6,16.05,15.54,15.75,15.75,-0.15,-0.9524,5481996,86540205.48
2018-09-06,'000732,泰禾集团,15.75,15.95,15.6,15.71,15.8,-0.05,-0.3165,6024796,95061069.31
2018-09-05,'000732,泰禾集团,15.8,16.12,15.71,16.05,16.15,-0.35,-2.1672,9834523,156250627.75
2018-09-04,'000732,泰禾集团,16.15,16.23,15.86,16.09,16.14,0.01,0.062,9767255,156561971.32
2018-09-03,'000732,泰禾集团,16.14,16.59,15.5,15.56,15.56,0.58,3.7275,15476246,249903680.3
2018-08-31,'000732,泰禾集团,15.56,15.86,15.35,15.47,15.51,0.05,0.3224,8644006,134593944.96
2018-08-30,'000732,泰禾集团,15.51,15.88,15.51,15.76,15.76,-0.25,-1.5863,4855230,76008834.3
2018-08-29,'000732,泰禾集团,15.76,16.1,15.71,15.73,15.73,0.03,0.1907,6967462,110500579.33
2018-08-28,'000732,泰禾集团,15.73,16.01,15.7,15.96,16.01,-0.28,-1.7489,8126158,128310237.78
2018-08-27,'000732,泰禾集团,16.01,16.17,15.46,15.49,15.47,0.54,3.4906,9271804,146836863.59
2018-08-24,'000732,泰禾集团,15.47,15.56,15.3,15.42,15.46,0.01,0.0647,4153362,63948992.3
2018-08-23,'000732,泰禾集团,15.46,15.63,15.37,15.44,15.45,0.01,0.0647,4791101,74241710.26
2018-08-22,'000732,泰禾集团,15.45,15.73,15.3,15.67,15.76,-0.31,-1.967,6951062,107477878.39
2018-08-21,'000732,泰禾集团,15.76,15.88,15.41,15.57,15.64,0.12,0.7673,6574010,103084059.26
2018-08-20,'000732,泰禾集团,15.64,15.93,15.46,15.52,15.5,0.14,0.9032,6918355,108222823.46
2018-08-17,'000732,泰禾集团,15.5,15.85,15.25,15.72,15.66,-0.16,-1.0217,6890296,106823584.33
2018-08-16,'000732,泰禾集团,15.66,15.8,15.3,15.53,15.62,0.04,0.2561,5522653,86290983.49
2018-08-15,'000732,泰禾集团,15.62,16.19,15.53,16.1,16.1,-0.48,-2.9814,5842765,92327689.55
2018-08-14,'000732,泰禾集团,16.1,16.24,15.96,16.19,16.25,-0.15,-0.9231,4335965,69715330.55
2018-08-13,'000732,泰禾集团,16.25,16.3,15.78,15.85,16.53,-0.28,-1.6939,8660578,138580063.77
2018-08-10,'000732,泰禾集团,16.53,17.09,16.45,16.53,16.39,0.14,0.8542,12130653,203666306.46
2018-08-09,'000732,泰禾集团,16.39,16.51,15.66,15.82,16.01,0.38,2.3735,9040483,147294472.25
2018-08-08,'000732,泰禾集团,16.01,16.5,15.96,16.28,16.35,-0.34,-2.0795,6566294,106381475.84
2018-08-07,'000732,泰禾集团,16.35,16.38,15.85,16.15,16.06,0.29,1.8057,8650796,140154928.72
2018-08-06,'000732,泰禾集团,16.06,16.61,15.94,16.55,16.55,-0.49,-2.9607,4134815,67182803.8
2018-08-03,'000732,泰禾集团,16.55,16.59,16.13,16.37,16.53,0.02,0.121,7069788,115964708.21
2018-08-02,'000732,泰禾集团,16.53,16.8,15.8,16.8,16.85,-0.32,-1.8991,10919294,177613054.19
2018-08-01,'000732,泰禾集团,16.85,17.55,16.63,17.53,17.74,-0.89,-5.0169,12307362,209305017.34
2018-07-31,'000732,泰禾集团,17.74,17.9,17.6,17.72,17.69,0.05,0.2826,5426444,96302998.55
2018-07-30,'000732,泰禾集团,17.69,18.64,17.42,18.3,18.39,-0.7,-3.8064,9632950,172961408.23
2018-07-27,'000732,泰禾集团,18.39,18.85,18.35,18.57,18.74,-0.35,-1.8677,6570320,121717258.11
2018-07-26,'000732,泰禾集团,18.74,19.39,18.66,18.97,19.0,-0.26,-1.3684,10854688,205677902.31
2018-07-25,'000732,泰禾集团,19.0,19.19,18.46,18.64,18.78,0.22,1.1715,12162869,228841769.13
2018-07-24,'000732,泰禾集团,18.78,19.43,18.44,18.44,18.2,0.58,3.1868,18415701,346812914.15
2018-07-23,'000732,泰禾集团,18.2,18.5,17.79,17.99,18.16,0.04,0.2203,12212328,221604038.38
2018-07-20,'000732,泰禾集团,18.16,18.44,17.36,17.84,17.8,0.36,2.0225,11186186,200928085.34
2018-07-19,'000732,泰禾集团,17.8,18.13,17.66,17.93,17.8,0.0,0.0,5678490,101260290.84
2018-07-18,'000732,泰禾集团,17.8,18.29,17.77,18.23,18.24,-0.44,-2.4123,7819356,140359857.78
2018-07-17,'000732,泰禾集团,18.24,18.45,17.84,17.94,18.02,0.22,1.2209,7919965,143878428.39
2018-07-16,'000732,泰禾集团,18.02,18.5,17.8,18.2,18.45,-0.43,-2.3306,9360795,168499113.01
2018-07-13,'000732,泰禾集团,18.45,19.57,18.45,18.67,18.24,0.21,1.1513,15917517,301237781.19
2018-07-12,'000732,泰禾集团,18.46,18.69,17.96,17.96,18.0,0.46,2.5556,11596373,212730596.21
2018-07-11,'000732,泰禾集团,18.0,18.12,17.76,18.1,18.75,-0.75,-4.0,13369805,240283733.66
2018-07-10,'000732,泰禾集团,18.75,19.4,18.32,18.65,18.71,0.04,0.2138,15482253,289762099.44
2018-07-09,'000732,泰禾集团,18.71,18.76,18.05,18.26,18.26,0.45,2.4644,9479990,174574666.03
2018-07-06,'000732,泰禾集团,18.26,18.35,17.83,18.06,18.06,0.2,1.1074,7504902,135850251.7
2018-07-05,'000732,泰禾集团,18.06,18.51,17.96,18.25,18.4,-0.34,-1.8478,9352103,169680321.16
2018-07-04,'000732,泰禾集团,18.4,19.14,18.18,19.02,18.92,-0.52,-2.7484,9217001,170810931.75
2018-07-03,'000732,泰禾集团,18.92,18.99,18.3,18.5,18.57,0.35,1.8848,8567797,160346298.71
2018-07-02,'000732,泰禾集团,18.57,19.44,18.13,19.43,19.45,-0.88,-4.5244,12787428,238709559.88
2018-06-29,'000732,泰禾集团,19.45,19.46,18.83,18.86,18.77,0.68,3.6228,8956121,172023266.47
2018-06-28,'000732,泰禾集团,18.77,19.19,18.55,18.67,18.6,0.17,0.914,8900925,168255422.12
2018-06-27,'000732,泰禾集团,18.6,19.54,18.5,19.3,19.31,-0.71,-3.6769,12521212,236669287.34
2018-06-26,'000732,泰禾集团,19.31,19.56,18.71,18.78,19.51,-0.2,-1.0251,11462431,218946915.42
2018-06-25,'000732,泰禾集团,19.51,20.49,19.36,20.4,20.03,-0.52,-2.5961,10225303,202156296.02
2018-06-22,'000732,泰禾集团,20.03,20.15,18.67,19.19,19.68,0.35,1.7785,9237588,180161725.91
2018-06-21,'000732,泰禾集团,19.68,20.67,19.62,19.9,19.86,-0.18,-0.9063,13593315,275188007.25
2018-06-20,'000732,泰禾集团,19.86,20.16,19.25,20.0,20.15,-0.29,-1.4392,12056996,239001495.85
2018-06-19,'000732,泰禾集团,20.15,21.43,19.5,21.22,21.67,-1.52,-7.0143,18424056,373720109.2
2018-06-15,'000732,泰禾集团,21.67,22.79,21.02,21.08,21.13,0.54,2.5556,16032133,352942121.11
2018-06-14,'000732,泰禾集团,21.13,21.5,20.56,20.88,21.08,0.05,0.2372,9968147,210894247.48
2018-06-13,'000732,泰禾集团,21.08,22.43,21.05,22.0,22.25,-1.17,-5.2584,15800850,343837785.0
2018-06-12,'000732,泰禾集团,22.25,22.76,21.9,22.53,22.52,-0.27,-1.1989,9634282,214799379.98
2018-06-11,'000732,泰禾集团,22.52,22.79,22.02,22.21,21.9,0.62,2.8311,12180855,273563084.29
2018-06-08,'000732,泰禾集团,21.9,22.85,21.51,22.85,22.88,-0.98,-4.2832,10286721,225853154.1
2018-06-07,'000732,泰禾集团,22.88,23.44,22.72,22.8,22.78,0.1,0.439,8870914,204922587.54
2018-06-06,'000732,泰禾集团,22.78,23.25,22.64,23.2,23.26,-0.48,-2.0636,7314602,167506684.85
2018-06-05,'000732,泰禾集团,23.26,23.44,22.8,23.18,23.29,-0.03,-0.1288,9373346,216149687.93
2018-06-04,'000732,泰禾集团,23.29,23.4,22.5,22.53,22.61,0.68,3.0075,11032046,254638703.24
2018-06-01,'000732,泰禾集团,22.61,23.11,22.25,22.4,22.53,0.08,0.3551,8289743,188311325.81
2018-05-31,'000732,泰禾集团,22.53,22.7,22.02,22.18,22.05,0.48,2.1769,8317364,186133628.05
2018-05-30,'000732,泰禾集团,22.05,22.8,21.8,22.06,22.32,-0.27,-1.2097,9521298,212680748.46
2018-05-29,'000732,泰禾集团,22.32,23.53,21.93,23.53,23.42,-1.1,-4.6968,14682342,330880621.12
2018-05-28,'000732,泰禾集团,23.42,24.24,23.3,23.68,23.81,-0.39,-1.638,7047409,168111199.43
2018-05-25,'000732,泰禾集团,23.81,24.22,23.53,23.58,23.71,0.1,0.4218,7283052,173723615.48
2018-05-24,'000732,泰禾集团,23.71,24.74,23.62,24.61,24.68,-0.97,-3.9303,11360421,273876483.86
2018-05-23,'000732,泰禾集团,24.68,24.94,24.15,24.55,24.67,0.01,0.0405,8707051,214155283.63
2018-05-22,'000732,泰禾集团,24.67,25.2,24.5,24.98,25.07,-0.4,-1.5955,8228549,203598272.06
2018-05-21,'000732,泰禾集团,25.07,25.35,24.71,25.01,24.74,0.33,1.3339,8219856,205791685.46
2018-05-18,'000732,泰禾集团,24.74,24.95,24.28,24.94,24.86,-0.12,-0.4827,8194605,202082240.41
2018-05-17,'000732,泰禾集团,24.86,25.44,24.85,25.15,25.2,-0.34,-1.3492,7129214,178997643.53
2018-05-16,'000732,泰禾集团,25.2,25.68,25.0,25.45,25.45,-0.25,-0.9823,8205417,207793759.22
2018-05-15,'000732,泰禾集团,25.45,25.58,25.05,25.15,25.15,0.3,1.1928,8594982,217607134.07
2018-05-14,'000732,泰禾集团,25.15,26.05,25.06,25.91,25.96,-0.81,-3.1202,15187615,387810123.08
2018-05-11,'000732,泰禾集团,25.96,26.59,25.91,26.51,26.3,-0.34,-1.2928,9682580,254499397.18
2018-05-10,'000732,泰禾集团,26.3,26.49,25.9,26.35,26.28,0.02,0.0761,12734614,333305143.92
2018-05-09,'000732,泰禾集团,26.28,27.13,26.02,27.13,27.11,-0.83,-3.0616,15237377,403323837.26
2018-05-08,'000732,泰禾集团,27.11,27.37,26.33,26.59,26.58,0.53,1.994,20131298,541645096.73
2018-05-07,'000732,泰禾集团,26.58,26.65,25.52,25.8,25.7,0.88,3.4241,14958308,392449125.31
2018-05-04,'000732,泰禾集团,25.7,26.69,25.61,26.12,26.2,-0.5,-1.9084,12287265,321494096.93
2018-05-03,'000732,泰禾集团,26.2,26.36,25.5,25.9,25.9,0.3,1.1583,10591090,275620199.21
2018-05-02,'000732,泰禾集团,25.9,26.41,25.88,26.4,26.25,-0.35,-1.3333,8879176,231449646.99
2018-04-27,'000732,泰禾集团,26.25,26.26,25.18,26.01,25.95,0.3,1.1561,13445654,346787374.82
2018-04-26,'000732,泰禾集团,25.95,26.8,25.91,26.75,26.58,-0.63,-2.3702,13850138,363338535.48
2018-04-25,'000732,泰禾集团,26.58,27.28,26.52,27.2,28.27,-1.69,-5.9781,25046620,672914353.93
2018-04-24,'000732,泰禾集团,28.27,28.77,26.72,26.84,26.26,2.01,7.6542,28946177,810266549.18
2018-04-23,'000732,泰禾集团,26.26,26.43,25.35,25.6,25.84,0.42,1.6254,11869753,308627491.21
2018-04-20,'000732,泰禾集团,25.84,27.35,25.36,27.21,27.27,-1.43,-5.2439,19973131,523503606.24
2018-04-19,'000732,泰禾集团,27.27,27.88,27.1,27.2,27.4,-0.13,-0.4745,16912873,464465798.55
2018-04-18,'000732,泰禾集团,27.4,27.88,26.82,27.5,27.17,0.23,0.8465,18146909,498902525.38
2018-04-17,'000732,泰禾集团,27.17,28.11,26.71,27.3,27.21,-0.04,-0.147,19128026,522115235.72
2018-04-16,'000732,泰禾集团,27.21,28.95,26.68,28.41,29.05,-1.84,-6.3339,28077942,773378742.07
2018-04-13,'000732,泰禾集团,29.05,30.48,28.85,29.5,29.75,-0.7,-2.3529,28235093,839273744.98
2018-04-12,'000732,泰禾集团,29.75,29.83,28.62,29.5,29.6,0.15,0.5068,31161153,909762232.61
2018-04-11,'000732,泰禾集团,29.6,30.77,27.63,27.7,28.08,1.52,5.4131,53326924,1558406305.77
2018-04-10,'000732,泰禾集团,28.08,28.74,26.2,26.32,26.25,1.83,6.9714,42891578,1189002893.07
2018-04-09,'000732,泰禾集团,26.25,26.61,25.75,26.05,25.99,0.26,1.0004,14888106,389253233.82
2018-04-04,'000732,泰禾集团,25.99,27.55,25.9,26.8,26.96,-0.97,-3.5979,20058825,537874081.45
2018-04-03,'000732,泰禾集团,26.96,27.28,26.31,26.6,27.43,-0.47,-1.7135,21891464,587176205.74
2018-04-02,'000732,泰禾集团,27.43,28.48,27.2,27.5,27.68,-0.25,-0.9032,31580013,879991208.87
2018-03-30,'000732,泰禾集团,27.68,28.74,27.37,28.74,28.45,-0.77,-2.7065,42090625,1175438958.02
2018-03-29,'000732,泰禾集团,28.45,28.45,25.5,25.75,25.86,2.59,10.0155,44419296,1212022363.58
2018-03-28,'000732,泰禾集团,25.86,27.21,25.1,25.23,25.74,0.12,0.4662,25801858,680035904.35
2018-03-27,'000732,泰禾集团,25.74,26.18,25.51,25.73,25.28,0.46,1.8196,18790455,483886555.7
2018-03-26,'000732,泰禾集团,25.28,25.29,23.86,24.85,25.08,0.2,0.7974,16881829,417550452.04
2018-03-23,'000732,泰禾集团,25.08,26.93,25.08,26.53,27.87,-2.79,-10.0108,27620964,713355034.82
2018-03-22,'000732,泰禾集团,27.87,28.7,27.0,27.68,27.8,0.07,0.2518,27301133,760798557.64
2018-03-21,'000732,泰禾集团,27.8,28.77,27.44,27.7,27.68,0.12,0.4335,23338330,657874345.06
2018-03-20,'000732,泰禾集团,27.68,28.29,26.68,27.09,27.55,0.13,0.4719,22545823,618062883.66
2018-03-19,'000732,泰禾集团,27.55,29.21,27.52,28.74,29.13,-1.58,-5.424,25397583,716376596.08
2018-03-16,'000732,泰禾集团,29.13,29.94,28.8,28.89,29.05,0.08,0.2754,20592435,607203447.56
2018-03-15,'000732,泰禾集团,29.05,30.74,29.0,30.39,30.37,-1.32,-4.3464,25182448,750824357.66
2018-03-14,'000732,泰禾集团,30.37,30.78,29.31,30.12,30.4,-0.03,-0.0987,25947761,778133979.56
2018-03-13,'000732,泰禾集团,30.4,31.3,30.36,30.51,30.89,-0.49,-1.5863,22201079,683323530.13
2018-03-12,'000732,泰禾集团,30.89,31.78,30.02,31.66,31.66,-0.77,-2.4321,37104537,1143856575.93
2018-03-09,'000732,泰禾集团,31.66,31.85,30.97,31.5,31.66,0.0,0.0,32243703,1012868246.71
2018-03-08,'000732,泰禾集团,31.66,32.36,30.45,31.1,31.27,0.39,1.2472,42553790,1341601302.31
2018-03-07,'000732,泰禾集团,31.27,32.82,31.01,31.78,31.19,0.08,0.2565,69134263,2199731259.72
2018-03-06,'000732,泰禾集团,31.19,31.19,27.9,28.51,28.35,2.84,10.0176,41236576,1209985587.57
2018-03-05,'000732,泰禾集团,28.35,29.27,27.7,28.1,28.8,-0.45,-1.5625,30809072,874550846.73
2018-03-02,'000732,泰禾集团,28.8,30.2,28.6,29.51,30.03,-1.23,-4.0959,33842032,990862779.02
2018-03-01,'000732,泰禾集团,30.03,30.5,29.32,30.5,31.1,-1.07,-3.4405,45768823,1371900580.23
2018-02-28,'000732,泰禾集团,31.1,31.92,29.04,29.14,29.85,1.25,4.1876,54214244,1663982979.4
2018-02-27,'000732,泰禾集团,29.85,32.0,29.42,29.6,29.88,-0.03,-0.1004,52980676,1618934908.36
2018-02-26,'000732,泰禾集团,29.88,29.98,27.82,29.9,29.25,0.63,2.1538,44426541,1289746914.23
2018-02-23,'000732,泰禾集团,29.25,29.44,28.6,28.88,28.95,0.3,1.0363,30826890,896393805.9
2018-02-22,'000732,泰禾集团,28.95,29.21,28.25,28.76,27.95,1.0,3.5778,28393505,817898384.3
2018-02-14,'000732,泰禾集团,27.95,28.7,27.13,27.2,27.8,0.15,0.5396,23326014,649830701.75
2018-02-13,'000732,泰禾集团,27.8,29.49,27.8,28.32,28.06,-0.26,-0.9266,35125910,1003396581.09
2018-02-12,'000732,泰禾集团,28.06,28.29,27.11,27.39,27.45,0.61,2.2222,34221831,947705554.16
2018-02-09,'000732,泰禾集团,27.45,29.94,27.45,29.55,30.5,-3.05,-10.0,39868541,1130532504.89
2018-02-08,'000732,泰禾集团,30.5,31.3,30.06,30.34,30.35,0.15,0.4942,23388812,716748232.83
2018-02-07,'000732,泰禾集团,30.35,32.8,29.49,32.75,31.8,-1.45,-4.5597,41080552,1276019305.06
2018-02-06,'000732,泰禾集团,31.8,32.89,31.28,31.85,32.66,-0.86,-2.6332,31071680,995883272.06
2018-02-05,'000732,泰禾集团,32.66,32.97,32.01,32.35,32.31,0.35,1.0833,28676514,933154597.62
2018-02-02,'000732,泰禾集团,32.31,34.01,32.31,33.89,35.9,-3.59,-10.0,52674507,1733848252.3
2018-02-01,'000732,泰禾集团,35.9,37.0,35.12,36.04,35.1,0.8,2.2792,45368409,1634167398.72
2018-01-31,'000732,泰禾集团,35.1,37.17,35.1,36.4,35.8,-0.7,-1.9553,40055184,1451509273.15
2018-01-30,'000732,泰禾集团,35.8,38.12,35.8,37.79,37.88,-2.08,-5.491,33009769,1209259577.97
2018-01-29,'000732,泰禾集团,37.88,38.31,36.3,36.35,37.68,0.2,0.5308,36964765,1382349104.89
2018-01-26,'000732,泰禾集团,37.68,39.5,37.15,38.79,38.03,-0.35,-0.9203,46625861,1796304513.01
2018-01-25,'000732,泰禾集团,38.03,39.78,37.31,39.3,41.46,-3.43,-8.273,69009081,2638141075.44
2018-01-24,'000732,泰禾集团,41.46,43.69,40.35,42.44,42.35,-0.89,-2.1015,60747288,2564862802.76
2018-01-23,'000732,泰禾集团,42.35,42.35,38.12,39.08,38.5,3.85,10.0,82390534,3354075528.76
2018-01-22,'000732,泰禾集团,38.5,39.27,35.29,37.22,37.94,0.56,1.476,52659509,1984919792.89
2018-01-19,'000732,泰禾集团,37.94,41.47,36.68,36.8,37.7,0.24,0.6366,78747526,3089891504.24
2018-01-18,'000732,泰禾集团,37.7,38.66,35.6,36.7,35.88,1.82,5.0725,63664468,2365325833.2
2018-01-17,'000732,泰禾集团,35.88,40.19,34.3,38.73,36.88,-1.0,-2.7115,65497921,2438986388.41
2018-01-16,'000732,泰禾集团,36.88,36.88,34.23,34.48,33.53,3.35,9.9911,56366783,2036129583.16
2018-01-15,'000732,泰禾集团,33.53,33.53,32.58,33.53,30.48,3.05,10.0066,29384917,985118380.59
2018-01-12,'000732,泰禾集团,0.0,0.0,0.0,0.0,30.48,None,None,0,0.0
2018-01-11,'000732,泰禾集团,0.0,0.0,0.0,0.0,30.48,None,None,0,0.0
2018-01-10,'000732,泰禾集团,0.0,0.0,0.0,0.0,30.48,None,None,0,0.0
2018-01-09,'000732,泰禾集团,0.0,0.0,0.0,0.0,30.48,None,None,0,0.0
2018-01-08,'000732,泰禾集团,30.48,30.48,30.0,30.0,27.71,2.77,9.9964,9822842,298128952.36
2018-01-05,'000732,泰禾集团,27.71,27.71,25.3,25.78,25.19,2.52,10.004,31451227,838706164.36
2018-01-04,'000732,泰禾集团,25.19,25.19,22.82,22.82,22.9,2.29,10.0,53887132,1317748239.58
2018-01-03,'000732,泰禾集团,22.9,23.43,21.02,21.25,21.3,1.6,7.5117,49036360,1090700010.15
2018-01-02,'000732,泰禾集团,21.3,22.02,20.72,20.72,20.02,1.28,6.3936,59745750,1297724012.85
2017-12-29,'000732,泰禾集团,20.02,21.0,19.85,20.0,20.11,-0.09,-0.4475,24784455,502345611.91
2017-12-28,'000732,泰禾集团,20.11,21.48,19.87,20.0,20.31,-0.2,-0.9847,27544538,563049943.59
2017-12-27,'000732,泰禾集团,20.31,20.31,18.75,18.9,18.46,1.85,10.0217,21766269,428536379.73
2017-12-26,'000732,泰禾集团,0.0,0.0,0.0,0.0,18.46,None,None,0,0.0
2017-12-25,'000732,泰禾集团,18.46,18.46,17.18,17.47,16.78,1.68,10.0119,14651479,268297267.14
2017-12-22,'000732,泰禾集团,16.78,16.82,16.6,16.71,16.66,0.12,0.7203,1529440,25561300.22
2017-12-21,'000732,泰禾集团,16.66,16.88,16.38,16.54,16.5,0.16,0.9697,3416489,56948809.93
2017-12-20,'000732,泰禾集团,16.5,16.57,16.03,16.03,16.52,-0.02,-0.1211,2404101,39473247.51
2017-12-19,'000732,泰禾集团,16.52,16.57,16.43,16.5,16.48,0.04,0.2427,1532044,25276092.63
2017-12-18,'000732,泰禾集团,16.48,16.52,16.38,16.49,16.48,0.0,0.0,2430964,39950780.19
2017-12-15,'000732,泰禾集团,16.48,16.51,16.33,16.47,16.47,0.01,0.0607,2057713,33771898.66
2017-12-14,'000732,泰禾集团,16.47,16.55,16.3,16.47,16.51,-0.04,-0.2423,2763257,45334305.24
2017-12-13,'000732,泰禾集团,16.51,16.66,16.44,16.58,16.59,-0.08,-0.4822,3312232,54732077.26
2017-12-12,'000732,泰禾集团,16.59,16.65,16.55,16.65,16.65,-0.06,-0.3604,2412925,40034376.4
2017-12-11,'000732,泰禾集团,16.65,16.73,16.5,16.53,16.52,0.13,0.7869,3096153,51416074.03
2017-12-08,'000732,泰禾集团,16.52,16.56,16.39,16.41,16.47,0.05,0.3036,2643135,43539918.76
2017-12-07,'000732,泰禾集团,16.47,16.69,16.37,16.47,16.46,0.01,0.0608,2972376,48940979.31
2017-12-06,'000732,泰禾集团,16.46,16.54,16.3,16.54,16.5,-0.04,-0.2424,1977811,32442731.15
2017-12-05,'000732,泰禾集团,16.5,16.5,16.35,16.38,16.45,0.05,0.304,2543030,41790365.64
2017-12-04,'000732,泰禾集团,16.45,16.6,16.35,16.39,16.82,-0.37,-2.1998,2823792,46420629.71
2017-12-01,'000732,泰禾集团,16.82,16.88,16.63,16.75,16.69,0.13,0.7789,4962701,83074147.36
2017-11-30,'000732,泰禾集团,16.69,17.11,16.66,17.1,17.1,-0.41,-2.3977,2622668,44124948.27
2017-11-29,'000732,泰禾集团,17.1,17.24,16.33,16.4,16.46,0.64,3.8882,5835206,97937789.53
2017-11-28,'000732,泰禾集团,16.46,16.5,16.33,16.43,16.45,0.01,0.0608,1586146,26020707.48
2017-11-27,'000732,泰禾集团,16.45,16.5,16.27,16.36,16.45,0.0,0.0,2474909,40529020.87
2017-11-24,'000732,泰禾集团,16.45,16.48,16.21,16.48,16.5,-0.05,-0.303,3434427,56028384.74
2017-11-23,'000732,泰禾集团,16.5,16.7,16.3,16.69,16.7,-0.2,-1.1976,4305836,70774714.55
2017-11-22,'000732,泰禾集团,16.7,16.89,16.63,16.75,16.76,-0.06,-0.358,2463798,41272501.47
2017-11-21,'000732,泰禾集团,16.76,16.92,16.56,16.88,16.65,0.11,0.6607,3847709,64238949.32
2017-11-20,'000732,泰禾集团,16.65,16.69,16.0,16.51,16.65,0.0,0.0,2813337,46404147.03
2017-11-17,'000732,泰禾集团,16.65,17.05,16.56,17.0,17.01,-0.36,-2.1164,3614417,60573318.73
2017-11-16,'000732,泰禾集团,17.01,17.1,16.75,16.88,16.84,0.17,1.0095,2597539,44017818.47
2017-11-15,'000732,泰禾集团,16.84,16.94,16.66,16.8,16.81,0.03,0.1785,2353925,39561977.68
2017-11-14,'000732,泰禾集团,16.81,16.93,16.61,16.81,16.81,0.0,0.0,2930727,49239479.64
2017-11-13,'000732,泰禾集团,16.81,17.15,16.71,17.08,17.17,-0.36,-2.0967,5127036,86296981.65
2017-11-10,'000732,泰禾集团,17.17,17.38,17.06,17.27,17.33,-0.16,-0.9233,2669953,45993754.88
2017-11-09,'000732,泰禾集团,17.33,17.55,17.28,17.36,17.39,-0.06,-0.345,2604103,45327696.69
2017-11-08,'000732,泰禾集团,17.39,17.6,17.34,17.46,17.46,-0.07,-0.4009,3299180,57603383.07
2017-11-07,'000732,泰禾集团,17.46,17.56,16.9,17.07,17.08,0.38,2.2248,3277374,56833610.19
2017-11-06,'000732,泰禾集团,17.08,17.21,16.85,17.03,17.12,-0.04,-0.2336,3183724,54193871.89
2017-11-03,'000732,泰禾集团,17.12,17.43,17.07,17.3,17.32,-0.2,-1.1547,2467297,42464377.2
2017-11-02,'000732,泰禾集团,17.32,17.45,17.2,17.45,17.48,-0.16,-0.9153,2707503,46823362.12
2017-11-01,'000732,泰禾集团,17.48,17.92,17.41,17.62,17.6,-0.12,-0.6818,4503749,79753446.49
2017-10-31,'000732,泰禾集团,17.6,17.71,17.34,17.52,17.57,0.03,0.1707,4140880,72407477.13
2017-10-30,'000732,泰禾集团,17.57,17.57,16.95,17.1,17.05,0.52,3.0499,5254504,90783738.23
2017-10-27,'000732,泰禾集团,17.05,17.14,16.95,17.11,17.06,-0.01,-0.0586,1561139,26634330.93
2017-10-26,'000732,泰禾集团,17.06,17.27,17.02,17.2,17.3,-0.24,-1.3873,2930138,50119108.87
2017-10-25,'000732,泰禾集团,17.3,17.46,17.07,17.1,17.14,0.16,0.9335,3045212,52701594.16
2017-10-24,'000732,泰禾集团,17.14,17.31,16.81,16.95,16.95,0.19,1.1209,2749228,47010276.06
2017-10-23,'000732,泰禾集团,16.95,16.96,16.75,16.81,16.79,0.16,0.9529,1293753,21788113.25
2017-10-20,'000732,泰禾集团,16.79,16.9,16.56,16.57,16.59,0.2,1.2055,1967058,32929814.95
2017-10-19,'000732,泰禾集团,16.59,17.11,16.57,17.08,17.06,-0.47,-2.755,2571128,43156198.06
2017-10-18,'000732,泰禾集团,17.06,17.31,17.0,17.31,17.18,-0.12,-0.6985,2133493,36509935.61
2017-10-17,'000732,泰禾集团,17.18,17.33,17.01,17.01,17.08,0.1,0.5855,1425343,24500454.27
2017-10-16,'000732,泰禾集团,17.08,17.47,17.0,17.47,17.48,-0.4,-2.2883,3950491,67901603.16
2017-10-13,'000732,泰禾集团,17.48,17.58,17.2,17.54,17.53,-0.05,-0.2852,2797618,48555259.52
2017-10-12,'000732,泰禾集团,17.53,17.68,17.42,17.55,17.48,0.05,0.286,2351007,41267870.91
2017-10-11,'000732,泰禾集团,17.48,17.96,17.45,17.96,17.96,-0.48,-2.6726,4556775,80319290.59
2017-10-10,'000732,泰禾集团,17.96,17.99,17.64,17.99,17.88,0.08,0.4474,2946422,52475763.27
2017-10-09,'000732,泰禾集团,17.88,18.27,17.85,18.06,17.63,0.25,1.418,4022016,72406348.79
2017-09-29,'000732,泰禾集团,17.63,17.88,17.5,17.78,17.79,-0.16,-0.8994,3155674,55851524.16
2017-09-28,'000732,泰禾集团,17.79,18.26,17.66,18.19,18.12,-0.33,-1.8212,4773040,85024961.98
2017-09-27,'000732,泰禾集团,18.12,18.26,17.92,18.13,18.03,0.09,0.4992,3223783,58384009.14
2017-09-26,'000732,泰禾集团,18.03,18.27,17.78,17.95,17.8,0.23,1.2921,3807703,68578812.82
2017-09-25,'000732,泰禾集团,17.8,18.95,17.74,18.87,19.19,-1.39,-7.2434,6009512,109444754.06
2017-09-22,'000732,泰禾集团,19.19,19.37,19.01,19.05,19.13,0.06,0.3136,3605477,69269858.64
2017-09-21,'000732,泰禾集团,19.13,19.83,19.04,19.65,19.6,-0.47,-2.398,4767315,92139202.56
2017-09-20,'000732,泰禾集团,19.6,19.65,19.11,19.46,19.45,0.15,0.7712,11948286,232503473.17
2017-09-19,'000732,泰禾集团,19.45,19.84,18.27,18.27,18.24,1.21,6.6338,15729647,302276038.83
2017-09-18,'000732,泰禾集团,18.24,18.38,17.9,18.11,17.96,0.28,1.559,5452807,98959098.37
2017-09-15,'000732,泰禾集团,17.96,18.65,17.9,18.26,18.23,-0.27,-1.4811,6475039,118599102.55
2017-09-14,'000732,泰禾集团,18.23,18.48,17.79,17.82,17.95,0.28,1.5599,7237915,131460882.14
2017-09-13,'000732,泰禾集团,17.95,18.06,17.58,17.58,17.69,0.26,1.4698,4468720,79757335.07
2017-09-12,'000732,泰禾集团,17.69,17.86,17.55,17.79,17.81,-0.12,-0.6738,5865639,103929664.49
2017-09-11,'000732,泰禾集团,17.81,18.0,17.64,17.95,17.97,-0.16,-0.8904,5310355,94391237.47
2017-09-08,'000732,泰禾集团,17.97,18.14,17.44,17.65,17.78,0.19,1.0686,10722947,190348742.69
2017-09-07,'000732,泰禾集团,17.78,18.08,16.85,16.85,16.83,0.95,5.6447,13297242,233300735.79
2017-09-06,'000732,泰禾集团,16.83,16.92,16.72,16.9,16.89,-0.06,-0.3552,2711155,45561815.54
2017-09-05,'000732,泰禾集团,16.89,17.1,16.5,16.61,16.54,0.35,2.1161,6363899,107529979.84
2017-09-04,'000732,泰禾集团,16.54,16.7,16.5,16.65,16.65,-0.11,-0.6607,2845718,47200504.13
2017-09-01,'000732,泰禾集团,16.65,16.72,16.29,16.34,16.29,0.36,2.2099,5910944,97891888.64
2017-08-31,'000732,泰禾集团,16.29,16.45,16.18,16.28,16.3,-0.01,-0.0613,1943930,31632992.7
2017-08-30,'000732,泰禾集团,16.3,16.39,16.12,16.16,16.15,0.15,0.9288,2572577,41767935.4
2017-08-29,'000732,泰禾集团,16.15,16.3,16.1,16.25,16.24,-0.09,-0.5542,2369101,38374080