ÈÕÆÚ,¹ÉÆ±´úÂë,Ãû³Æ,ÊÕÅÌ¼Û,×î¸ß¼Û,×îµÍ¼Û,¿ªÅÌ¼Û,Ç°ÊÕÅÌ,ÕÇµø¶î,ÕÇµø·ù,³É½»Á¿,³É½»½ð¶î
2019-07-01,'000729,Ñà¾©Æ¡¾Æ,6.85,6.9,6.71,6.72,6.64,0.21,3.1627,22079120,150479228.06
2019-06-28,'000729,Ñà¾©Æ¡¾Æ,6.64,6.71,6.53,6.7,6.71,-0.07,-1.0432,12532642,82718664.3
2019-06-27,'000729,Ñà¾©Æ¡¾Æ,6.71,6.79,6.55,6.6,6.56,0.15,2.2866,20361140,136322062.06
2019-06-26,'000729,Ñà¾©Æ¡¾Æ,6.56,6.6,6.52,6.58,6.58,-0.02,-0.304,6236510,40942249.5
2019-06-25,'000729,Ñà¾©Æ¡¾Æ,6.58,6.73,6.5,6.72,6.73,-0.15,-2.2288,13662346,90050213.24
2019-06-24,'000729,Ñà¾©Æ¡¾Æ,6.73,6.78,6.67,6.73,6.72,0.01,0.1488,11790131,79382112.24
2019-06-21,'000729,Ñà¾©Æ¡¾Æ,6.72,6.8,6.63,6.66,6.65,0.07,1.0526,17576408,118114702.48
2019-06-20,'000729,Ñà¾©Æ¡¾Æ,6.65,6.7,6.47,6.51,6.51,0.14,2.1505,20594856,136113237.16
2019-06-19,'000729,Ñà¾©Æ¡¾Æ,6.51,6.62,6.48,6.56,6.42,0.09,1.4019,14204866,92903121.41
2019-06-18,'000729,Ñà¾©Æ¡¾Æ,6.42,6.48,6.36,6.46,6.42,0.0,0.0,9396812,60236975.97
2019-06-17,'000729,Ñà¾©Æ¡¾Æ,6.42,6.55,6.39,6.49,6.5,-0.08,-1.2308,8485577,54756023.95
2019-06-14,'000729,Ñà¾©Æ¡¾Æ,6.5,6.67,6.48,6.66,6.61,-0.11,-1.6641,10831436,71185143.2
2019-06-13,'000729,Ñà¾©Æ¡¾Æ,6.61,6.66,6.56,6.61,6.6,0.01,0.1515,7613339,50360222.99
2019-06-12,'000729,Ñà¾©Æ¡¾Æ,6.6,6.73,6.58,6.71,6.67,-0.07,-1.0495,13763243,91444982.8
2019-06-11,'000729,Ñà¾©Æ¡¾Æ,6.67,6.71,6.39,6.4,6.38,0.29,4.5455,21687851,142565118.68
2019-06-10,'000729,Ñà¾©Æ¡¾Æ,6.38,6.48,6.3,6.4,6.36,0.02,0.3145,12086895,77369356.25
2019-06-06,'000729,Ñà¾©Æ¡¾Æ,6.36,6.43,6.29,6.39,6.38,-0.02,-0.3135,12261915,78091644.76
2019-06-05,'000729,Ñà¾©Æ¡¾Æ,6.38,6.53,6.36,6.51,6.43,-0.05,-0.7776,13790662,88934621.57
2019-06-04,'000729,Ñà¾©Æ¡¾Æ,6.43,6.72,6.42,6.7,6.69,-0.26,-3.8864,15919274,103834461.46
2019-06-03,'000729,Ñà¾©Æ¡¾Æ,6.69,6.89,6.63,6.86,6.86,-0.17,-2.4781,16506743,111131558.29
2019-05-31,'000729,Ñà¾©Æ¡¾Æ,6.86,7.02,6.84,6.98,7.01,-0.15,-2.1398,16598906,114814862.81
2019-05-30,'000729,Ñà¾©Æ¡¾Æ,7.01,7.05,6.88,7.04,7.05,-0.04,-0.5674,13244676,92123490.92
2019-05-29,'000729,Ñà¾©Æ¡¾Æ,7.05,7.11,6.97,7.01,7.03,0.02,0.2845,11021186,77737818.92
2019-05-28,'000729,Ñà¾©Æ¡¾Æ,7.03,7.16,6.99,7.12,7.1,-0.07,-0.9859,15451999,109609705.22
2019-05-27,'000729,Ñà¾©Æ¡¾Æ,7.1,7.11,6.93,6.99,6.97,0.13,1.8651,12339902,86820912.57
2019-05-24,'000729,Ñà¾©Æ¡¾Æ,6.97,7.15,6.94,7.0,7.02,-0.05,-0.7123,11470287,80399063.13
2019-05-23,'000729,Ñà¾©Æ¡¾Æ,7.02,7.16,6.96,7.14,7.18,-0.16,-2.2284,16507672,116561676.62
2019-05-22,'000729,Ñà¾©Æ¡¾Æ,7.18,7.3,7.12,7.28,7.29,-0.11,-1.5089,15213406,109369923.95
2019-05-21,'000729,Ñà¾©Æ¡¾Æ,7.29,7.38,7.11,7.21,7.23,0.06,0.8299,15501072,113109380.38
2019-05-20,'000729,Ñà¾©Æ¡¾Æ,7.23,7.38,7.04,7.38,7.45,-0.22,-2.953,19418252,139441286.45
2019-05-17,'000729,Ñà¾©Æ¡¾Æ,7.45,7.78,7.22,7.7,7.77,-0.32,-4.1184,37360239,280269680.41
2019-05-16,'000729,Ñà¾©Æ¡¾Æ,7.77,7.82,7.58,7.81,7.87,-0.1,-1.2706,35989406,277244779.78
2019-05-15,'000729,Ñà¾©Æ¡¾Æ,7.87,7.96,7.68,7.82,7.79,0.08,1.027,42097956,329471840.36
2019-05-14,'000729,Ñà¾©Æ¡¾Æ,7.79,7.93,7.71,7.79,7.97,-0.18,-2.2585,30535343,238189689.24
2019-05-13,'000729,Ñà¾©Æ¡¾Æ,7.97,7.98,7.49,7.5,7.57,0.4,5.284,59303836,462667317.7
2019-05-10,'000729,Ñà¾©Æ¡¾Æ,7.57,7.7,7.21,7.24,7.15,0.42,5.8741,39142973,292491386.32
2019-05-09,'000729,Ñà¾©Æ¡¾Æ,7.15,7.4,7.14,7.3,7.46,-0.31,-4.1555,27393052,199260484.8
2019-05-08,'000729,Ñà¾©Æ¡¾Æ,7.46,7.72,7.25,7.3,7.46,0.0,0.0,45057399,339887513.64
2019-05-07,'000729,Ñà¾©Æ¡¾Æ,7.46,7.62,7.04,7.04,7.0,0.46,6.5714,43792478,321425666.15
2019-05-06,'000729,Ñà¾©Æ¡¾Æ,7.0,7.43,6.86,7.2,7.38,-0.38,-5.1491,38242176,273822957.39
2019-04-30,'000729,Ñà¾©Æ¡¾Æ,7.38,7.42,7.0,7.03,7.06,0.32,4.5326,28450250,208212366.33
2019-04-29,'000729,Ñà¾©Æ¡¾Æ,7.06,7.15,6.85,7.08,7.06,0.0,0.0,22597287,158576799.69
2019-04-26,'000729,Ñà¾©Æ¡¾Æ,7.06,7.2,7.03,7.13,7.12,-0.06,-0.8427,17560122,124768673.57
2019-04-25,'000729,Ñà¾©Æ¡¾Æ,7.12,7.42,7.09,7.35,7.38,-0.26,-3.523,24858597,180580478.26
2019-04-24,'000729,Ñà¾©Æ¡¾Æ,7.38,7.48,7.26,7.38,7.38,0.0,0.0,16717141,122780994.06
2019-04-23,'000729,Ñà¾©Æ¡¾Æ,7.38,7.56,7.26,7.56,7.62,-0.24,-3.1496,25503474,188847388.32
2019-04-22,'000729,Ñà¾©Æ¡¾Æ,7.62,7.72,7.52,7.55,7.58,0.04,0.5277,26931185,204591305.78
2019-04-19,'000729,Ñà¾©Æ¡¾Æ,7.58,7.63,7.46,7.56,7.64,-0.06,-0.7853,27275081,205445976.6
2019-04-18,'000729,Ñà¾©Æ¡¾Æ,7.64,7.78,7.34,7.42,7.42,0.22,2.965,54296526,412817211.35
2019-04-17,'000729,Ñà¾©Æ¡¾Æ,7.42,7.46,7.3,7.42,7.42,0.0,0.0,28696193,211757864.09
2019-04-16,'000729,Ñà¾©Æ¡¾Æ,7.42,7.42,7.2,7.21,7.25,0.17,2.3448,33640906,247099915.32
2019-04-15,'000729,Ñà¾©Æ¡¾Æ,7.25,7.59,7.24,7.5,7.38,-0.13,-1.7615,42431791,315175914.72
2019-04-12,'000729,Ñà¾©Æ¡¾Æ,7.38,7.62,7.38,7.5,7.43,-0.05,-0.6729,37261208,278261437.55
2019-04-11,'000729,Ñà¾©Æ¡¾Æ,7.43,7.81,7.4,7.79,7.79,-0.36,-4.6213,62185193,471412167.56
2019-04-10,'000729,Ñà¾©Æ¡¾Æ,7.79,8.0,7.72,7.81,7.89,-0.1,-1.2674,62477480,490476728.29
2019-04-09,'000729,Ñà¾©Æ¡¾Æ,7.89,8.04,7.81,7.96,8.15,-0.26,-3.1902,62532179,495674828.17
2019-04-08,'000729,Ñà¾©Æ¡¾Æ,8.15,8.44,7.82,8.3,8.0,0.15,1.875,110959718,893430319.6
2019-04-04,'000729,Ñà¾©Æ¡¾Æ,8.0,8.0,7.12,7.38,7.27,0.73,10.0413,149471465,1146783529.54
2019-04-03,'000729,Ñà¾©Æ¡¾Æ,7.27,7.27,6.62,6.62,6.61,0.66,9.9849,55524920,394425763.34
2019-04-02,'000729,Ñà¾©Æ¡¾Æ,6.61,6.78,6.6,6.64,6.63,-0.02,-0.3017,56667632,378770930.7
2019-04-01,'000729,Ñà¾©Æ¡¾Æ,6.63,6.66,6.42,6.43,6.41,0.22,3.4321,60686573,399144641.96
2019-03-29,'000729,Ñà¾©Æ¡¾Æ,6.41,6.44,6.23,6.28,6.25,0.16,2.56,36591713,233604716.9
2019-03-28,'000729,Ñà¾©Æ¡¾Æ,6.25,6.37,6.23,6.26,6.29,-0.04,-0.6359,18824675,118533378.18
2019-03-27,'000729,Ñà¾©Æ¡¾Æ,6.29,6.32,6.14,6.17,6.17,0.12,1.9449,22147549,138369075.34
2019-03-26,'000729,Ñà¾©Æ¡¾Æ,6.17,6.32,6.14,6.29,6.28,-0.11,-1.7516,22245987,138498912.65
2019-03-25,'000729,Ñà¾©Æ¡¾Æ,6.28,6.37,6.19,6.31,6.43,-0.15,-2.3328,27405300,172822228.0
2019-03-22,'000729,Ñà¾©Æ¡¾Æ,6.43,6.49,6.34,6.44,6.43,0.0,0.0,23275006,149239402.59
2019-03-21,'000729,Ñà¾©Æ¡¾Æ,6.43,6.46,6.38,6.4,6.44,-0.01,-0.1553,35735290,229510866.48
2019-03-20,'000729,Ñà¾©Æ¡¾Æ,6.44,6.55,6.37,6.51,6.51,-0.07,-1.0753,44861670,289651855.46
2019-03-19,'000729,Ñà¾©Æ¡¾Æ,6.51,6.72,6.46,6.7,6.76,-0.25,-3.6982,57422814,375322591.68
2019-03-18,'000729,Ñà¾©Æ¡¾Æ,6.76,6.78,6.31,6.32,6.32,0.44,6.962,61918697,408271471.69
2019-03-15,'000729,Ñà¾©Æ¡¾Æ,6.32,6.41,6.28,6.36,6.34,-0.02,-0.3155,21273924,134959742.02
2019-03-14,'000729,Ñà¾©Æ¡¾Æ,6.34,6.45,6.29,6.42,6.43,-0.09,-1.3997,16379199,104347104.4
2019-03-13,'000729,Ñà¾©Æ¡¾Æ,6.43,6.48,6.39,6.47,6.47,-0.04,-0.6182,16291274,104848275.74
2019-03-12,'000729,Ñà¾©Æ¡¾Æ,6.47,6.54,6.42,6.44,6.45,0.02,0.3101,23721213,153654092.29
2019-03-11,'000729,Ñà¾©Æ¡¾Æ,6.45,6.46,6.32,6.35,6.39,0.06,0.939,19014756,121564608.98
2019-03-08,'000729,Ñà¾©Æ¡¾Æ,6.39,6.54,6.38,6.54,6.6,-0.21,-3.1818,29189429,187927464.45
2019-03-07,'000729,Ñà¾©Æ¡¾Æ,6.6,6.65,6.52,6.62,6.64,-0.04,-0.6024,23274540,153039888.35
2019-03-06,'000729,Ñà¾©Æ¡¾Æ,6.64,6.65,6.46,6.57,6.57,0.07,1.0654,27772868,181854285.81
2019-03-05,'000729,Ñà¾©Æ¡¾Æ,6.57,6.66,6.46,6.48,6.47,0.1,1.5456,23062131,150927764.07
2019-03-04,'000729,Ñà¾©Æ¡¾Æ,6.47,6.6,6.39,6.47,6.46,0.01,0.1548,25379791,164904956.6
2019-03-01,'000729,Ñà¾©Æ¡¾Æ,6.46,6.57,6.35,6.45,6.4,0.06,0.9375,14643348,94213326.63
2019-02-28,'000729,Ñà¾©Æ¡¾Æ,6.4,6.56,6.36,6.55,6.46,-0.06,-0.9288,11144847,71717239.09
2019-02-27,'000729,Ñà¾©Æ¡¾Æ,6.46,6.74,6.44,6.49,6.54,-0.08,-1.2232,12813693,84359754.32
2019-02-26,'000729,Ñà¾©Æ¡¾Æ,6.54,6.65,6.38,6.48,6.48,0.06,0.9259,15785580,103101924.72
2019-02-25,'000729,Ñà¾©Æ¡¾Æ,6.48,6.5,6.17,6.2,6.2,0.28,4.5161,18157480,114802135.47
2019-02-22,'000729,Ñà¾©Æ¡¾Æ,6.2,6.21,6.06,6.13,6.16,0.04,0.6494,6032070,37109636.65
2019-02-21,'000729,Ñà¾©Æ¡¾Æ,6.16,6.25,6.12,6.19,6.19,-0.03,-0.4847,7010960,43368450.24
2019-02-20,'000729,Ñà¾©Æ¡¾Æ,6.19,6.22,6.1,6.19,6.23,-0.04,-0.6421,5915713,36487930.84
2019-02-19,'000729,Ñà¾©Æ¡¾Æ,6.23,6.35,6.13,6.3,6.31,-0.08,-1.2678,7883408,49105005.77
2019-02-18,'000729,Ñà¾©Æ¡¾Æ,6.31,6.36,6.19,6.19,6.17,0.14,2.269,6094835,38258652.11
2019-02-15,'000729,Ñà¾©Æ¡¾Æ,6.17,6.31,6.14,6.27,6.24,-0.07,-1.1218,5455685,34003250.02
2019-02-14,'000729,Ñà¾©Æ¡¾Æ,6.24,6.41,6.17,6.22,6.21,0.03,0.4831,7075520,44498174.98
2019-02-13,'000729,Ñà¾©Æ¡¾Æ,6.21,6.24,6.14,6.19,6.16,0.05,0.8117,6754534,41814749.2
2019-02-12,'000729,Ñà¾©Æ¡¾Æ,6.16,6.25,6.1,6.15,6.14,0.02,0.3257,6798674,42102265.77
2019-02-11,'000729,Ñà¾©Æ¡¾Æ,6.14,6.17,5.99,6.05,6.05,0.09,1.4876,7639760,46610618.05
2019-02-01,'000729,Ñà¾©Æ¡¾Æ,6.05,6.06,5.94,5.97,5.95,0.1,1.6807,5911328,35597396.7
2019-01-31,'000729,Ñà¾©Æ¡¾Æ,5.95,6.02,5.84,5.86,5.87,0.08,1.3629,5454524,32458804.73
2019-01-30,'000729,Ñà¾©Æ¡¾Æ,5.87,6.05,5.84,6.0,5.93,-0.06,-1.0118,5424800,32368283.0
2019-01-29,'000729,Ñà¾©Æ¡¾Æ,5.93,6.0,5.82,5.91,5.96,-0.03,-0.5034,5402179,32033962.31
2019-01-28,'000729,Ñà¾©Æ¡¾Æ,5.96,6.14,5.9,5.96,5.95,0.01,0.1681,4917245,29592356.48
2019-01-25,'000729,Ñà¾©Æ¡¾Æ,5.95,6.06,5.92,6.0,5.99,-0.04,-0.6678,7089613,42562388.41
2019-01-24,'000729,Ñà¾©Æ¡¾Æ,5.99,6.02,5.87,5.87,5.88,0.11,1.8707,7625365,45562481.52
2019-01-23,'000729,Ñà¾©Æ¡¾Æ,5.88,5.94,5.81,5.81,5.8,0.08,1.3793,6032046,35530899.44
2019-01-22,'000729,Ñà¾©Æ¡¾Æ,5.8,5.85,5.74,5.85,5.85,-0.05,-0.8547,6721888,38968220.67
2019-01-21,'000729,Ñà¾©Æ¡¾Æ,5.85,6.03,5.71,5.71,5.74,0.11,1.9164,12534956,74173617.86
2019-01-18,'000729,Ñà¾©Æ¡¾Æ,5.74,5.78,5.68,5.69,5.69,0.05,0.8787,4423271,25362505.62
2019-01-17,'000729,Ñà¾©Æ¡¾Æ,5.69,5.75,5.67,5.71,5.71,-0.02,-0.3503,5004500,28605235.0
2019-01-16,'000729,Ñà¾©Æ¡¾Æ,5.71,5.78,5.67,5.78,5.84,-0.13,-2.226,9428584,53935739.18
2019-01-15,'000729,Ñà¾©Æ¡¾Æ,5.84,5.87,5.57,5.58,5.59,0.25,4.4723,15031821,85976854.36
2019-01-14,'000729,Ñà¾©Æ¡¾Æ,5.59,5.62,5.55,5.6,5.6,-0.01,-0.1786,4106606,22943642.87
2019-01-11,'000729,Ñà¾©Æ¡¾Æ,5.6,5.64,5.55,5.56,5.59,0.01,0.1789,5946218,33166210.56
2019-01-10,'000729,Ñà¾©Æ¡¾Æ,5.59,5.63,5.56,5.61,5.6,-0.01,-0.1786,5161948,28835283.1
2019-01-09,'000729,Ñà¾©Æ¡¾Æ,5.6,5.69,5.57,5.58,5.59,0.01,0.1789,5239088,29576433.97
2019-01-08,'000729,Ñà¾©Æ¡¾Æ,5.59,5.6,5.55,5.6,5.62,-0.03,-0.5338,3686326,20547574.06
2019-01-07,'000729,Ñà¾©Æ¡¾Æ,5.62,5.65,5.51,5.56,5.53,0.09,1.6275,5953311,33255690.58
2019-01-04,'000729,Ñà¾©Æ¡¾Æ,5.53,5.56,5.35,5.43,5.44,0.09,1.6544,6501204,35557387.3
2019-01-03,'000729,Ñà¾©Æ¡¾Æ,5.44,5.6,5.42,5.58,5.57,-0.13,-2.3339,6671248,36686126.17
2019-01-02,'000729,Ñà¾©Æ¡¾Æ,5.57,5.68,5.55,5.65,5.64,-0.07,-1.2411,3606946,20227837.58
2018-12-28,'000729,Ñà¾©Æ¡¾Æ,5.64,5.69,5.59,5.65,5.65,-0.01,-0.177,3866282,21788269.84
2018-12-27,'000729,Ñà¾©Æ¡¾Æ,5.65,5.8,5.65,5.76,5.7,-0.05,-0.8772,3999010,22822401.3
2018-12-26,'000729,Ñà¾©Æ¡¾Æ,5.7,5.91,5.69,5.87,5.88,-0.18,-3.0612,4804844,27703885.66
2018-12-25,'000729,Ñà¾©Æ¡¾Æ,5.88,5.93,5.71,5.87,5.95,-0.07,-1.1765,4123383,23931584.32
2018-12-24,'000729,Ñà¾©Æ¡¾Æ,5.95,5.96,5.87,5.89,5.84,0.11,1.8836,4177800,24719821.15
2018-12-21,'000729,Ñà¾©Æ¡¾Æ,5.84,5.96,5.8,5.93,5.93,-0.09,-1.5177,4125592,24165503.37
2018-12-20,'000729,Ñà¾©Æ¡¾Æ,5.93,5.99,5.85,5.96,5.96,-0.03,-0.5034,4785510,28342736.21
2018-12-19,'000729,Ñà¾©Æ¡¾Æ,5.96,6.13,5.92,6.11,6.08,-0.12,-1.9737,6862179,41270804.6
2018-12-18,'000729,Ñà¾©Æ¡¾Æ,6.08,6.13,5.96,6.08,6.11,-0.03,-0.491,5809016,35077466.26
2018-12-17,'000729,Ñà¾©Æ¡¾Æ,6.11,6.18,6.0,6.1,6.08,0.03,0.4934,5352018,32579470.36
2018-12-14,'000729,Ñà¾©Æ¡¾Æ,6.08,6.26,6.06,6.17,6.15,-0.07,-1.1382,7387468,45420163.94
2018-12-13,'000729,Ñà¾©Æ¡¾Æ,6.15,6.27,6.12,6.23,6.22,-0.07,-1.1254,10579590,65391652.15
2018-12-12,'000729,Ñà¾©Æ¡¾Æ,6.22,6.23,5.92,5.96,5.94,0.28,4.7138,15276452,93517258.04
2018-12-11,'000729,Ñà¾©Æ¡¾Æ,5.94,5.95,5.78,5.83,5.82,0.12,2.0619,7927144,46718086.77
2018-12-10,'000729,Ñà¾©Æ¡¾Æ,5.82,5.86,5.72,5.75,5.76,0.06,1.0417,6107985,35467617.36
2018-12-07,'000729,Ñà¾©Æ¡¾Æ,5.76,5.8,5.68,5.72,5.66,0.1,1.7668,4960962,28555476.0
2018-12-06,'000729,Ñà¾©Æ¡¾Æ,5.66,5.75,5.65,5.75,5.77,-0.11,-1.9064,3919956,22326779.6
2018-12-05,'000729,Ñà¾©Æ¡¾Æ,5.77,5.79,5.7,5.71,5.79,-0.02,-0.3454,3469001,19953401.13
2018-12-04,'000729,Ñà¾©Æ¡¾Æ,5.79,5.83,5.75,5.76,5.8,-0.01,-0.1724,5790137,33483738.21
2018-12-03,'000729,Ñà¾©Æ¡¾Æ,5.8,5.89,5.75,5.75,5.69,0.11,1.9332,8635610,50344593.38
2018-11-30,'000729,Ñà¾©Æ¡¾Æ,5.69,5.7,5.59,5.64,5.64,0.05,0.8865,4341688,24504828.58
2018-11-29,'000729,Ñà¾©Æ¡¾Æ,5.64,5.72,5.61,5.67,5.66,-0.02,-0.3534,3245191,18429952.7
2018-11-28,'000729,Ñà¾©Æ¡¾Æ,5.66,5.66,5.55,5.63,5.63,0.03,0.5329,2928975,16458866.58
2018-11-27,'000729,Ñà¾©Æ¡¾Æ,5.63,5.68,5.59,5.61,5.59,0.04,0.7156,2367022,13308809.62
2018-11-26,'000729,Ñà¾©Æ¡¾Æ,5.59,5.67,5.56,5.61,5.6,-0.01,-0.1786,3117300,17469672.62
2018-11-23,'000729,Ñà¾©Æ¡¾Æ,5.6,5.81,5.6,5.81,5.82,-0.22,-3.7801,5545289,31530763.56
2018-11-22,'000729,Ñà¾©Æ¡¾Æ,5.82,5.87,5.77,5.81,5.83,-0.01,-0.1715,3671017,21343258.1
2018-11-21,'000729,Ñà¾©Æ¡¾Æ,5.83,5.84,5.76,5.81,5.79,0.04,0.6908,5434503,31522217.15
2018-11-20,'000729,Ñà¾©Æ¡¾Æ,5.79,5.95,5.77,5.92,5.94,-0.15,-2.5253,6723965,39344071.4
2018-11-19,'000729,Ñà¾©Æ¡¾Æ,5.94,6.05,5.9,6.05,6.04,-0.1,-1.6556,6567478,39012260.59
2018-11-16,'000729,Ñà¾©Æ¡¾Æ,6.04,6.13,5.91,5.97,5.97,0.07,1.1725,7718960,46454322.52
2018-11-15,'000729,Ñà¾©Æ¡¾Æ,5.97,5.99,5.85,5.88,5.88,0.09,1.5306,5106928,30316504.84
2018-11-14,'000729,Ñà¾©Æ¡¾Æ,5.88,5.95,5.84,5.9,5.91,-0.03,-0.5076,4864168,28658988.37
2018-11-13,'000729,Ñà¾©Æ¡¾Æ,5.91,5.99,5.7,5.77,5.82,0.09,1.5464,6571553,38570541.05
2018-11-12,'000729,Ñà¾©Æ¡¾Æ,5.82,5.83,5.63,5.66,5.65,0.17,3.0088,4143259,23812089.95
2018-11-09,'000729,Ñà¾©Æ¡¾Æ,5.65,5.74,5.65,5.74,5.74,-0.09,-1.5679,3114258,17693407.02
2018-11-08,'000729,Ñà¾©Æ¡¾Æ,5.74,5.81,5.72,5.77,5.73,0.01,0.1745,2714174,15660355.08
2018-11-07,'000729,Ñà¾©Æ¡¾Æ,5.73,5.85,5.72,5.77,5.76,-0.03,-0.5208,5220597,30223935.98
2018-11-06,'000729,Ñà¾©Æ¡¾Æ,5.76,5.79,5.71,5.74,5.76,0.0,0.0,3776700,21712051.26
2018-11-05,'000729,Ñà¾©Æ¡¾Æ,5.76,5.85,5.68,5.79,5.84,-0.08,-1.3699,6840313,39404751.43
2018-11-02,'000729,Ñà¾©Æ¡¾Æ,5.84,5.85,5.7,5.7,5.64,0.2,3.5461,9163165,52847523.91
2018-11-01,'000729,Ñà¾©Æ¡¾Æ,5.64,5.74,5.62,5.67,5.68,-0.04,-0.7042,7809370,44390198.37
2018-10-31,'000729,Ñà¾©Æ¡¾Æ,5.68,5.7,5.52,5.57,5.59,0.09,1.61,7381036,41417004.03
2018-10-30,'000729,Ñà¾©Æ¡¾Æ,5.59,5.62,5.43,5.52,5.53,0.06,1.085,4702800,25987295.32
2018-10-29,'000729,Ñà¾©Æ¡¾Æ,5.53,5.71,5.52,5.59,5.6,-0.07,-1.25,4830504,27041606.77
2018-10-26,'000729,Ñà¾©Æ¡¾Æ,5.6,5.69,5.59,5.66,5.65,-0.05,-0.885,3493645,19661940.92
2018-10-25,'000729,Ñà¾©Æ¡¾Æ,5.65,5.66,5.45,5.56,5.64,0.01,0.1773,6516521,36201842.91
2018-10-24,'000729,Ñà¾©Æ¡¾Æ,5.64,5.78,5.6,5.7,5.71,-0.07,-1.2259,3950300,22415338.98
2018-10-23,'000729,Ñà¾©Æ¡¾Æ,5.71,5.91,5.68,5.83,5.82,-0.11,-1.89,5573164,32126301.75
2018-10-22,'000729,Ñà¾©Æ¡¾Æ,5.82,5.96,5.62,5.62,5.56,0.26,4.6763,8602100,50080918.4
2018-10-19,'000729,Ñà¾©Æ¡¾Æ,5.56,5.6,5.38,5.43,5.48,0.08,1.4599,5276855,29203656.36
2018-10-18,'000729,Ñà¾©Æ¡¾Æ,5.48,5.61,5.44,5.61,5.62,-0.14,-2.4911,4312184,23707105.42
2018-10-17,'000729,Ñà¾©Æ¡¾Æ,5.62,5.75,5.41,5.7,5.61,0.01,0.1783,7076372,39573720.28
2018-10-16,'000729,Ñà¾©Æ¡¾Æ,5.61,5.88,5.55,5.78,5.78,-0.17,-2.9412,5150301,29312020.7
2018-10-15,'000729,Ñà¾©Æ¡¾Æ,5.78,5.97,5.73,5.85,5.82,-0.04,-0.6873,5668748,33334395.8
2018-10-12,'000729,Ñà¾©Æ¡¾Æ,5.82,6.28,5.54,5.8,5.85,-0.03,-0.5128,11705676,67168529.57
2018-10-11,'000729,Ñà¾©Æ¡¾Æ,5.85,6.2,5.72,6.2,6.34,-0.49,-7.7287,12692415,75556154.81
2018-10-10,'000729,Ñà¾©Æ¡¾Æ,6.34,6.37,6.23,6.28,6.23,0.11,1.7657,4442401,28050821.55
2018-10-09,'000729,Ñà¾©Æ¡¾Æ,6.23,6.48,6.18,6.41,6.4,-0.17,-2.6563,5612081,35397755.85
2018-10-08,'000729,Ñà¾©Æ¡¾Æ,6.4,6.56,6.28,6.44,6.59,-0.19,-2.8832,7613859,48991609.94
2018-09-28,'000729,Ñà¾©Æ¡¾Æ,6.59,6.62,6.49,6.5,6.51,0.08,1.2289,4964630,32645054.07
2018-09-27,'000729,Ñà¾©Æ¡¾Æ,6.51,6.6,6.51,6.57,6.6,-0.09,-1.3636,4719421,30879460.92
2018-09-26,'000729,Ñà¾©Æ¡¾Æ,6.6,6.65,6.48,6.5,6.52,0.08,1.227,8404478,55396178.36
2018-09-25,'000729,Ñà¾©Æ¡¾Æ,6.52,6.55,6.38,6.41,6.49,0.03,0.4622,5292264,34338153.44
2018-09-21,'000729,Ñà¾©Æ¡¾Æ,6.49,6.51,6.34,6.34,6.31,0.18,2.8526,8543493,55041242.3
2018-09-20,'000729,Ñà¾©Æ¡¾Æ,6.31,6.37,6.3,6.33,6.35,-0.04,-0.6299,3762166,23844290.29
2018-09-19,'000729,Ñà¾©Æ¡¾Æ,6.35,6.4,6.21,6.21,6.22,0.13,2.09,6697573,42430685.58
2018-09-18,'000729,Ñà¾©Æ¡¾Æ,6.22,6.25,6.07,6.08,6.11,0.11,1.8003,4771040,29546949.97
2018-09-17,'000729,Ñà¾©Æ¡¾Æ,6.11,6.21,6.1,6.21,6.2,-0.09,-1.4516,3004587,18418115.33
2018-09-14,'000729,Ñà¾©Æ¡¾Æ,6.2,6.24,6.14,6.17,6.18,0.02,0.3236,3564657,22066427.03
2018-09-13,'000729,Ñà¾©Æ¡¾Æ,6.18,6.2,6.08,6.19,6.11,0.07,1.1457,4295514,26422224.64
2018-09-12,'000729,Ñà¾©Æ¡¾Æ,6.11,6.17,6.04,6.04,6.04,0.07,1.1589,3986638,24382353.58
2018-09-11,'000729,Ñà¾©Æ¡¾Æ,6.04,6.13,6.03,6.04,6.08,-0.04,-0.6579,3442550,20891160.31
2018-09-10,'000729,Ñà¾©Æ¡¾Æ,6.08,6.16,6.04,6.11,6.1,-0.02,-0.3279,3082645,18814453.68
2018-09-07,'000729,Ñà¾©Æ¡¾Æ,6.1,6.24,6.06,6.08,6.1,0.0,0.0,4622382,28418022.4
2018-09-06,'000729,Ñà¾©Æ¡¾Æ,6.1,6.24,6.05,6.2,6.24,-0.14,-2.2436,4487300,27513049.74
2018-09-05,'000729,Ñà¾©Æ¡¾Æ,6.24,6.29,6.15,6.19,6.18,0.06,0.9709,5573519,34794085.25
2018-09-04,'000729,Ñà¾©Æ¡¾Æ,6.18,6.22,6.13,6.17,6.17,0.01,0.1621,4283600,26517430.0
2018-09-03,'000729,Ñà¾©Æ¡¾Æ,6.17,6.22,5.99,6.04,6.05,0.12,1.9835,5697114,34694635.51
2018-08-31,'000729,Ñà¾©Æ¡¾Æ,6.05,6.15,6.05,6.08,6.11,-0.06,-0.982,3854511,23477970.05
2018-08-30,'000729,Ñà¾©Æ¡¾Æ,6.11,6.24,6.11,6.21,6.22,-0.11,-1.7685,2696212,16592376.23
2018-08-29,'000729,Ñà¾©Æ¡¾Æ,6.22,6.29,6.17,6.28,6.3,-0.08,-1.2698,3945387,24512331.84
2018-08-28,'000729,Ñà¾©Æ¡¾Æ,6.3,6.31,6.19,6.26,6.27,0.03,0.4785,5166230,32217702.3
2018-08-27,'000729,Ñà¾©Æ¡¾Æ,6.27,6.27,6.13,6.13,6.12,0.15,2.451,6557249,40613109.85
2018-08-24,'000729,Ñà¾©Æ¡¾Æ,6.12,6.16,6.07,6.15,6.13,-0.01,-0.1631,3042372,18546772.04
2018-08-23,'000729,Ñà¾©Æ¡¾Æ,6.13,6.16,6.04,6.1,6.1,0.03,0.4918,4269612,26116297.06
2018-08-22,'000729,Ñà¾©Æ¡¾Æ,6.1,6.2,6.07,6.2,6.18,-0.08,-1.2945,3632184,22191091.76
2018-08-21,'000729,Ñà¾©Æ¡¾Æ,6.18,6.26,6.06,6.12,6.1,0.08,1.3115,6551499,40494796.6
2018-08-20,'000729,Ñà¾©Æ¡¾Æ,6.1,6.1,5.92,6.07,6.07,0.03,0.4942,8157759,48944043.46
2018-08-17,'000729,Ñà¾©Æ¡¾Æ,6.07,6.28,6.04,6.23,6.2,-0.13,-2.0968,6386071,39066967.97
2018-08-16,'000729,Ñà¾©Æ¡¾Æ,6.2,6.29,6.12,6.24,6.27,-0.07,-1.1164,5277057,32843586.8
2018-08-15,'000729,Ñà¾©Æ¡¾Æ,6.27,6.6,6.25,6.6,6.56,-0.29,-4.4207,11902195,75482296.28
2018-08-14,'000729,Ñà¾©Æ¡¾Æ,6.56,6.65,6.5,6.5,6.5,0.06,0.9231,4849093,31768171.36
2018-08-13,'000729,Ñà¾©Æ¡¾Æ,6.5,6.58,6.36,6.5,6.59,-0.09,-1.3657,7305492,47083199.92
2018-08-10,'000729,Ñà¾©Æ¡¾Æ,6.59,6.67,6.53,6.6,6.63,-0.04,-0.6033,8395892,55385750.94
2018-08-09,'000729,Ñà¾©Æ¡¾Æ,6.63,6.7,6.43,6.52,6.55,0.08,1.2214,8861163,58540163.62
2018-08-08,'000729,Ñà¾©Æ¡¾Æ,6.55,6.69,6.53,6.68,6.7,-0.15,-2.2388,6547774,43320588.14
2018-08-07,'000729,Ñà¾©Æ¡¾Æ,6.7,6.72,6.51,6.68,6.65,0.05,0.7519,11266686,75009779.9
2018-08-06,'000729,Ñà¾©Æ¡¾Æ,6.65,6.86,6.57,6.84,6.75,-0.1,-1.4815,11003417,73608407.3
2018-08-03,'000729,Ñà¾©Æ¡¾Æ,6.75,7.07,6.75,6.99,6.92,-0.17,-2.4566,14118201,97394776.46
2018-08-02,'000729,Ñà¾©Æ¡¾Æ,6.92,7.09,6.83,7.09,7.0,-0.08,-1.1429,15287257,106495190.17
2018-08-01,'000729,Ñà¾©Æ¡¾Æ,7.0,7.36,7.0,7.31,7.32,-0.32,-4.3716,11746528,83538708.51
2018-07-31,'000729,Ñà¾©Æ¡¾Æ,7.32,7.37,7.22,7.25,7.25,0.07,0.9655,6231838,45560326.96
2018-07-30,'000729,Ñà¾©Æ¡¾Æ,7.25,7.4,7.22,7.22,7.25,0.0,0.0,12625567,92581466.62
2018-07-27,'000729,Ñà¾©Æ¡¾Æ,7.25,7.44,7.18,7.4,7.4,-0.15,-2.027,8719200,63460364.0
2018-07-26,'000729,Ñà¾©Æ¡¾Æ,7.4,7.48,7.21,7.21,7.21,0.19,2.6352,14198647,105078457.06
2018-07-25,'000729,Ñà¾©Æ¡¾Æ,7.21,7.28,7.13,7.2,7.26,-0.05,-0.6887,7655501,55168194.8
2018-07-24,'000729,Ñà¾©Æ¡¾Æ,7.26,7.33,7.2,7.26,7.27,-0.01,-0.1376,13878755,100617362.78
2018-07-23,'000729,Ñà¾©Æ¡¾Æ,7.27,7.38,7.07,7.38,7.28,-0.01,-0.1374,11284485,81288617.06
2018-07-20,'000729,Ñà¾©Æ¡¾Æ,7.28,7.34,7.06,7.15,7.18,0.1,1.3928,12409457,89786113.91
2018-07-19,'000729,Ñà¾©Æ¡¾Æ,7.18,7.22,6.9,7.01,6.98,0.2,2.8653,16363772,116678573.64
2018-07-18,'000729,Ñà¾©Æ¡¾Æ,6.98,7.16,6.8,6.81,6.78,0.2,2.9499,16585452,116457080.52
2018-07-17,'000729,Ñà¾©Æ¡¾Æ,6.78,6.82,6.61,6.68,6.75,0.03,0.4444,9091051,61009872.92
2018-07-16,'000729,Ñà¾©Æ¡¾Æ,6.75,6.8,6.61,6.71,6.75,0.0,0.0,10369425,69454538.11
2018-07-13,'000729,Ñà¾©Æ¡¾Æ,6.75,6.79,6.48,6.54,6.59,0.16,2.4279,13857455,91907301.0
2018-07-12,'000729,Ñà¾©Æ¡¾Æ,6.61,6.62,6.23,6.24,6.26,0.35,5.5911,16108445,103908161.11
2018-07-11,'000729,Ñà¾©Æ¡¾Æ,6.26,6.33,6.1,6.29,6.42,-0.16,-2.4922,10951773,68262881.53
2018-07-10,'000729,Ñà¾©Æ¡¾Æ,6.42,6.44,6.33,6.38,6.39,0.03,0.4695,8017045,51215325.27
2018-07-09,'000729,Ñà¾©Æ¡¾Æ,6.39,6.46,6.18,6.2,6.21,0.18,2.8986,14638674,92730877.4
2018-07-06,'000729,Ñà¾©Æ¡¾Æ,6.21,6.31,6.03,6.19,6.21,0.0,0.0,11543361,71537870.83
2018-07-05,'000729,Ñà¾©Æ¡¾Æ,6.21,6.44,6.02,6.35,6.35,-0.14,-2.2047,19844873,122790254.3
2018-07-04,'000729,Ñà¾©Æ¡¾Æ,6.35,6.58,6.35,6.58,6.56,-0.21,-3.2012,8494862,54400310.46
2018-07-03,'000729,Ñà¾©Æ¡¾Æ,6.56,6.69,6.36,6.64,6.64,-0.08,-1.2048,15919842,103145329.8
2018-07-02,'000729,Ñà¾©Æ¡¾Æ,6.64,6.89,6.55,6.73,6.73,-0.09,-1.3373,12725357,85748601.07
2018-06-29,'000729,Ñà¾©Æ¡¾Æ,6.73,6.75,6.56,6.56,6.55,0.18,2.7481,8461987,56538157.49
2018-06-28,'000729,Ñà¾©Æ¡¾Æ,6.55,6.72,6.54,6.72,6.71,-0.16,-2.3845,10338273,68618710.64
2018-06-27,'000729,Ñà¾©Æ¡¾Æ,6.71,6.92,6.65,6.82,6.82,-0.11,-1.6129,11263068,76246874.34
2018-06-26,'000729,Ñà¾©Æ¡¾Æ,6.82,6.91,6.68,6.83,6.92,-0.1,-1.4451,12149240,82371323.29
2018-06-25,'000729,Ñà¾©Æ¡¾Æ,6.92,7.11,6.91,7.03,7.0,-0.08,-1.1429,8912444,62675067.08
2018-06-22,'000729,Ñà¾©Æ¡¾Æ,7.0,7.06,6.72,6.96,6.96,0.04,0.5747,10469718,72450132.03
2018-06-21,'000729,Ñà¾©Æ¡¾Æ,6.96,7.28,6.92,7.12,7.1,-0.14,-1.9718,13138336,93446854.13
2018-06-20,'000729,Ñà¾©Æ¡¾Æ,7.1,7.24,6.9,6.9,7.12,-0.02,-0.2809,16044318,114182661.63
2018-06-19,'000729,Ñà¾©Æ¡¾Æ,7.12,7.59,6.94,7.59,7.67,-0.55,-7.1708,25055321,180903415.45
2018-06-15,'000729,Ñà¾©Æ¡¾Æ,7.67,8.13,7.51,8.07,8.09,-0.42,-5.1916,21912134,170014940.09
2018-06-14,'000729,Ñà¾©Æ¡¾Æ,8.09,8.26,8.07,8.13,8.15,-0.06,-0.7362,14183300,115621977.27
2018-06-13,'000729,Ñà¾©Æ¡¾Æ,8.15,8.34,8.11,8.34,8.37,-0.22,-2.6284,18598826,152433428.84
2018-06-12,'000729,Ñà¾©Æ¡¾Æ,8.37,8.37,7.99,8.17,8.14,0.23,2.8256,28704612,235928721.52
2018-06-11,'000729,Ñà¾©Æ¡¾Æ,8.14,8.22,8.04,8.1,8.08,0.06,0.7426,19163605,155694002.11
2018-06-08,'000729,Ñà¾©Æ¡¾Æ,8.08,8.23,7.9,8.11,8.11,-0.03,-0.3699,21011091,168922641.3
2018-06-07,'000729,Ñà¾©Æ¡¾Æ,8.11,8.48,8.1,8.45,8.46,-0.35,-4.1371,27770818,227852010.51
2018-06-06,'000729,Ñà¾©Æ¡¾Æ,8.46,8.53,8.32,8.53,8.53,-0.07,-0.8206,16946141,142586158.86
2018-06-05,'000729,Ñà¾©Æ¡¾Æ,8.53,8.55,8.35,8.46,8.42,0.11,1.3064,14674125,124489067.75
2018-06-04,'000729,Ñà¾©Æ¡¾Æ,8.42,8.53,8.3,8.41,8.28,0.14,1.6908,14943348,125766260.96
2018-06-01,'000729,Ñà¾©Æ¡¾Æ,8.28,8.66,8.18,8.6,8.6,-0.32,-3.7209,23273971,194679767.32
2018-05-31,'000729,Ñà¾©Æ¡¾Æ,8.6,8.74,8.43,8.55,8.45,0.15,1.7751,25943579,223083361.45
2018-05-30,'000729,Ñà¾©Æ¡¾Æ,8.45,8.76,8.06,8.53,8.8,-0.35,-3.9773,32854296,278956305.58
2018-05-29,'000729,Ñà¾©Æ¡¾Æ,8.8,9.14,8.8,9.0,9.22,-0.42,-4.5553,40150018,360206745.55
2018-05-28,'000729,Ñà¾©Æ¡¾Æ,9.22,9.33,8.82,9.02,9.03,0.19,2.1041,60582251,551817963.12
2018-05-25,'000729,Ñà¾©Æ¡¾Æ,9.03,9.28,8.8,8.82,8.78,0.25,2.8474,48341190,437601153.12
2018-05-24,'000729,Ñà¾©Æ¡¾Æ,8.78,8.98,8.74,8.87,8.85,-0.07,-0.791,24387819,215432453.86
2018-05-23,'000729,Ñà¾©Æ¡¾Æ,8.85,9.06,8.82,9.0,9.02,-0.17,-1.8847,24087825,214610248.62
2018-05-22,'000729,Ñà¾©Æ¡¾Æ,9.02,9.19,8.9,9.01,9.05,-0.03,-0.3315,26996584,243471814.39
2018-05-21,'000729,Ñà¾©Æ¡¾Æ,9.05,9.05,8.79,8.94,8.93,0.12,1.3438,32928733,294509431.66
2018-05-18,'000729,Ñà¾©Æ¡¾Æ,8.93,9.09,8.73,8.88,8.98,-0.05,-0.5568,33439416,297583238.09
2018-05-17,'000729,Ñà¾©Æ¡¾Æ,8.98,9.06,8.71,8.9,8.9,0.08,0.8989,45661984,406253120.81
2018-05-16,'000729,Ñà¾©Æ¡¾Æ,8.9,9.0,8.05,8.08,8.18,0.72,8.802,89387648,783012792.37
2018-05-15,'000729,Ñà¾©Æ¡¾Æ,8.18,8.19,7.9,8.07,8.07,0.11,1.3631,21665946,174588978.81
2018-05-14,'000729,Ñà¾©Æ¡¾Æ,8.07,8.15,7.88,7.93,7.98,0.09,1.1278,15029160,120937316.03
2018-05-11,'000729,Ñà¾©Æ¡¾Æ,7.98,8.1,7.91,7.98,7.99,-0.01,-0.1252,13305588,106427874.34
2018-05-10,'000729,Ñà¾©Æ¡¾Æ,7.99,8.22,7.87,7.91,7.93,0.06,0.7566,23292509,187639742.37
2018-05-09,'000729,Ñà¾©Æ¡¾Æ,7.93,7.94,7.76,7.86,7.86,0.07,0.8906,17178103,134811456.45
2018-05-08,'000729,Ñà¾©Æ¡¾Æ,7.86,7.98,7.72,7.98,7.86,0.0,0.0,25060991,196552292.98
2018-05-07,'000729,Ñà¾©Æ¡¾Æ,7.86,7.89,7.21,7.21,7.21,0.65,9.0153,34264325,260823979.04
2018-05-04,'000729,Ñà¾©Æ¡¾Æ,7.21,7.31,7.19,7.28,7.31,-0.1,-1.368,11434489,82786997.56
2018-05-03,'000729,Ñà¾©Æ¡¾Æ,7.31,7.35,7.18,7.3,7.32,-0.01,-0.1366,10937138,79521768.79
2018-05-02,'000729,Ñà¾©Æ¡¾Æ,7.32,7.36,7.21,7.34,7.33,-0.01,-0.1364,12359860,90076595.38
2018-04-27,'000729,Ñà¾©Æ¡¾Æ,7.33,7.38,7.16,7.32,7.26,0.07,0.9642,14701545,106889945.76
2018-04-26,'000729,Ñà¾©Æ¡¾Æ,7.26,7.79,7.15,7.77,7.77,-0.51,-6.5637,23261170,172380745.31
2018-04-25,'000729,Ñà¾©Æ¡¾Æ,7.77,7.84,7.72,7.76,7.79,-0.02,-0.2567,9387332,73052854.77
2018-04-24,'000729,Ñà¾©Æ¡¾Æ,7.79,7.92,7.68,7.73,7.72,0.07,0.9067,11530645,90127251.46
2018-04-23,'000729,Ñà¾©Æ¡¾Æ,7.72,7.83,7.62,7.71,7.73,-0.01,-0.1294,11435712,88246837.24
2018-04-20,'000729,Ñà¾©Æ¡¾Æ,7.73,8.01,7.64,7.93,7.96,-0.23,-2.8894,18218018,141885612.6
2018-04-19,'000729,Ñà¾©Æ¡¾Æ,7.96,8.07,7.87,7.89,7.89,0.07,0.8872,12690223,101398183.13
2018-04-18,'000729,Ñà¾©Æ¡¾Æ,7.89,8.01,7.74,7.92,7.85,0.04,0.5096,14243594,111882112.82
2018-04-17,'000729,Ñà¾©Æ¡¾Æ,7.85,8.1,7.84,7.89,7.92,-0.07,-0.8838,16835995,134197329.19
2018-04-16,'000729,Ñà¾©Æ¡¾Æ,7.92,8.19,7.89,7.97,7.98,-0.06,-0.7519,19623108,157439782.05
2018-04-13,'000729,Ñà¾©Æ¡¾Æ,7.98,8.13,7.9,8.04,8.05,-0.07,-0.8696,9288753,74157497.51
2018-04-12,'000729,Ñà¾©Æ¡¾Æ,8.05,8.17,8.01,8.04,8.08,-0.03,-0.3713,15264669,123420662.24
2018-04-11,'000729,Ñà¾©Æ¡¾Æ,8.08,8.21,7.81,7.85,7.85,0.23,2.9299,31469635,254048479.24
2018-04-10,'000729,Ñà¾©Æ¡¾Æ,7.85,7.87,7.53,7.59,7.58,0.27,3.562,17410145,134934999.79
2018-04-09,'000729,Ñà¾©Æ¡¾Æ,7.58,7.72,7.52,7.61,7.67,-0.09,-1.1734,8752910,66546911.87
2018-04-04,'000729,Ñà¾©Æ¡¾Æ,7.67,7.81,7.66,7.72,7.72,-0.05,-0.6477,11222184,86829103.2
2018-04-03,'000729,Ñà¾©Æ¡¾Æ,7.72,7.76,7.5,7.56,7.64,0.08,1.0471,12089230,92406173.93
2018-04-02,'000729,Ñà¾©Æ¡¾Æ,7.64,7.83,7.57,7.62,7.63,0.01,0.1311,12228926,94093161.2
2018-03-30,'000729,Ñà¾©Æ¡¾Æ,7.63,7.7,7.41,7.47,7.47,0.16,2.1419,13127837,99581905.44
2018-03-29,'000729,Ñà¾©Æ¡¾Æ,7.47,7.48,7.28,7.3,7.3,0.17,2.3288,7092821,52449970.11
2018-03-28,'000729,Ñà¾©Æ¡¾Æ,7.3,7.52,7.27,7.43,7.52,-0.22,-2.9255,8761560,64649362.66
2018-03-27,'000729,Ñà¾©Æ¡¾Æ,7.52,7.6,7.43,7.47,7.42,0.1,1.3477,10201412,76680428.7
2018-03-26,'000729,Ñà¾©Æ¡¾Æ,7.42,7.44,6.95,7.01,7.05,0.37,5.2482,15933906,115264984.67
2018-03-23,'000729,Ñà¾©Æ¡¾Æ,7.05,7.33,6.98,7.11,7.38,-0.33,-4.4715,16082926,114428187.3
2018-03-22,'000729,Ñà¾©Æ¡¾Æ,7.38,7.53,7.28,7.47,7.47,-0.09,-1.2048,9034190,66885690.47
2018-03-21,'000729,Ñà¾©Æ¡¾Æ,7.47,7.64,7.46,7.57,7.57,-0.1,-1.321,11267040,85283654.63
2018-03-20,'000729,Ñà¾©Æ¡¾Æ,7.57,7.63,7.51,7.61,7.65,-0.08,-1.0458,8922757,67384619.4
2018-03-19,'000729,Ñà¾©Æ¡¾Æ,7.65,7.7,7.55,7.67,7.65,0.0,0.0,8585200,65527525.76
2018-03-16,'000729,Ñà¾©Æ¡¾Æ,7.65,7.92,7.65,7.91,7.83,-0.18,-2.2989,13672300,106187243.01
2018-03-15,'000729,Ñà¾©Æ¡¾Æ,7.83,7.98,7.69,7.71,7.76,0.07,0.9021,15781347,123705274.68
2018-03-14,'000729,Ñà¾©Æ¡¾Æ,7.76,7.8,7.64,7.72,7.73,0.03,0.3881,13699236,105960784.86
2018-03-13,'000729,Ñà¾©Æ¡¾Æ,7.73,7.87,7.68,7.8,7.82,-0.09,-1.1509,16618022,129093950.42
2018-03-12,'000729,Ñà¾©Æ¡¾Æ,7.82,7.98,7.67,7.75,7.49,0.33,4.4059,32164330,250695154.75
2018-03-09,'000729,Ñà¾©Æ¡¾Æ,7.49,7.51,7.25,7.25,7.21,0.28,3.8835,21383382,158892759.21
2018-03-08,'000729,Ñà¾©Æ¡¾Æ,7.21,7.24,7.16,7.19,7.21,0.0,0.0,6220398,44806648.66
2018-03-07,'000729,Ñà¾©Æ¡¾Æ,7.21,7.37,7.19,7.23,7.24,-0.03,-0.4144,10988818,80032629.15
2018-03-06,'000729,Ñà¾©Æ¡¾Æ,7.24,7.33,7.09,7.3,7.28,-0.04,-0.5495,12065134,86876405.72
2018-03-05,'000729,Ñà¾©Æ¡¾Æ,7.28,7.46,7.27,7.3,7.29,-0.01,-0.1372,8652076,63528706.75
2018-03-02,'000729,Ñà¾©Æ¡¾Æ,7.29,7.35,7.26,7.31,7.35,-0.06,-0.8163,7315199,53363924.62
2018-03-01,'000729,Ñà¾©Æ¡¾Æ,7.35,7.37,7.12,7.14,7.18,0.17,2.3677,12862881,93844899.68
2018-02-28,'000729,Ñà¾©Æ¡¾Æ,7.18,7.31,7.08,7.15,7.22,-0.04,-0.554,9977400,71799900.1
2018-02-27,'000729,Ñà¾©Æ¡¾Æ,7.22,7.35,7.2,7.32,7.32,-0.1,-1.3661,9287137,67216974.13
2018-02-26,'000729,Ñà¾©Æ¡¾Æ,7.32,7.36,7.16,7.21,7.22,0.1,1.385,13405993,97415422.77
2018-02-23,'000729,Ñà¾©Æ¡¾Æ,7.22,7.26,7.1,7.14,7.15,0.07,0.979,13192566,94953966.92
2018-02-22,'000729,Ñà¾©Æ¡¾Æ,7.15,7.19,6.96,7.05,6.95,0.2,2.8777,14713678,104253553.0
2018-02-14,'000729,Ñà¾©Æ¡¾Æ,6.95,7.07,6.91,7.07,7.05,-0.1,-1.4184,7380171,51628596.33
2018-02-13,'000729,Ñà¾©Æ¡¾Æ,7.05,7.21,7.01,7.03,7.02,0.03,0.4274,13483113,95753403.73
2018-02-12,'000729,Ñà¾©Æ¡¾Æ,7.02,7.07,6.85,6.89,6.91,0.11,1.5919,15602356,108705865.58
2018-02-09,'000729,Ñà¾©Æ¡¾Æ,6.91,6.98,6.73,6.92,7.08,-0.17,-2.4011,16282680,112231376.0
2018-02-08,'000729,Ñà¾©Æ¡¾Æ,7.08,7.22,6.89,7.07,7.08,0.0,0.0,17103616,120642767.6
2018-02-07,'000729,Ñà¾©Æ¡¾Æ,7.08,7.35,6.9,7.33,7.13,-0.05,-0.7013,18418572,132057754.73
2018-02-06,'000729,Ñà¾©Æ¡¾Æ,7.13,7.73,7.12,7.58,7.8,-0.67,-8.5897,21719518,161547881.15
2018-02-05,'000729,Ñà¾©Æ¡¾Æ,7.8,7.83,7.22,7.33,7.54,0.26,3.4483,28298402,214708292.9
2018-02-02,'000729,Ñà¾©Æ¡¾Æ,7.54,7.55,7.15,7.39,7.41,0.13,1.7544,25099648,183389675.8
2018-02-01,'000729,Ñà¾©Æ¡¾Æ,7.41,7.51,7.13,7.49,7.49,-0.08,-1.0681,25801300,189055873.39
2018-01-31,'000729,Ñà¾©Æ¡¾Æ,7.49,7.6,7.43,7.47,7.47,0.02,0.2677,17521126,131820955.65
2018-01-30,'000729,Ñà¾©Æ¡¾Æ,7.47,7.59,7.4,7.55,7.53,-0.06,-0.7968,21563843,161689285.36
2018-01-29,'000729,Ñà¾©Æ¡¾Æ,7.53,7.89,7.5,7.89,7.91,-0.38,-4.804,34438630,262741381.67
2018-01-26,'000729,Ñà¾©Æ¡¾Æ,7.91,8.0,7.88,7.9,7.88,0.03,0.3807,17318367,137728117.35
2018-01-25,'000729,Ñà¾©Æ¡¾Æ,7.88,8.04,7.76,8.01,8.0,-0.12,-1.5,21952139,172933850.17
2018-01-24,'000729,Ñà¾©Æ¡¾Æ,8.0,8.17,7.92,8.17,8.17,-0.17,-2.0808,26273984,210236508.52
2018-01-23,'000729,Ñà¾©Æ¡¾Æ,8.17,8.28,8.09,8.23,8.28,-0.11,-1.3285,21033447,171670355.43
2018-01-22,'000729,Ñà¾©Æ¡¾Æ,8.28,8.31,7.96,8.06,8.06,0.22,2.7295,32780347,268604460.53
2018-01-19,'000729,Ñà¾©Æ¡¾Æ,8.06,8.22,7.99,8.13,8.21,-0.15,-1.827,32450599,262326230.87
2018-01-18,'000729,Ñà¾©Æ¡¾Æ,8.21,8.32,7.88,8.0,8.04,0.17,2.1144,43968864,357154569.72
2018-01-17,'000729,Ñà¾©Æ¡¾Æ,8.04,8.38,7.85,8.02,8.03,0.01,0.1245,67409191,547573424.16
2018-01-16,'000729,Ñà¾©Æ¡¾Æ,8.03,8.03,7.54,7.59,7.3,0.73,10.0,56277376,443977987.9
2018-01-15,'000729,Ñà¾©Æ¡¾Æ,7.3,7.59,7.22,7.31,7.29,0.01,0.1372,28890880,215556230.33
2018-01-12,'000729,Ñà¾©Æ¡¾Æ,7.29,7.36,7.25,7.33,7.41,-0.12,-1.6194,14535069,106102392.28
2018-01-11,'000729,Ñà¾©Æ¡¾Æ,7.41,7.43,7.02,7.15,7.14,0.27,3.7815,35391802,255794359.12
2018-01-10,'000729,Ñà¾©Æ¡¾Æ,7.14,7.2,7.05,7.11,7.17,-0.03,-0.4184,18150716,129220979.15
2018-01-09,'000729,Ñà¾©Æ¡¾Æ,7.17,7.33,7.08,7.16,7.13,0.04,0.561,32909939,237801995.43
2018-01-08,'000729,Ñà¾©Æ¡¾Æ,7.13,7.2,7.05,7.2,7.33,-0.2,-2.7285,35828713,254841291.71
2018-01-05,'000729,Ñà¾©Æ¡¾Æ,7.33,7.43,7.03,7.11,6.81,0.52,7.6358,96648662,698782189.9
2018-01-04,'000729,Ñà¾©Æ¡¾Æ,6.81,6.86,6.65,6.76,6.82,-0.01,-0.1466,34241573,231057429.36
2018-01-03,'000729,Ñà¾©Æ¡¾Æ,6.82,6.82,6.53,6.61,6.67,0.15,2.2489,41090710,272977779.46
2018-01-02,'000729,Ñà¾©Æ¡¾Æ,6.67,6.7,6.49,6.66,6.74,-0.07,-1.0386,36936951,242759229.09
2017-12-29,'000729,Ñà¾©Æ¡¾Æ,6.74,6.81,6.66,6.71,6.71,0.03,0.4471,16121680,108343350.71
2017-12-28,'000729,Ñà¾©Æ¡¾Æ,6.71,6.8,6.69,6.73,6.76,-0.05,-0.7396,17396678,117404636.61
2017-12-27,'000729,Ñà¾©Æ¡¾Æ,6.76,6.88,6.68,6.82,6.91,-0.15,-2.1708,27034495,182890669.09
2017-12-26,'000729,Ñà¾©Æ¡¾Æ,6.91,6.96,6.75,6.95,7.03,-0.12,-1.707,32670072,223083525.39
2017-12-25,'000729,Ñà¾©Æ¡¾Æ,7.03,7.26,6.86,6.9,6.97,0.06,0.8608,49684584,349815639.94
2017-12-22,'000729,Ñà¾©Æ¡¾Æ,6.97,6.99,6.5,6.57,6.57,0.4,6.0883,53324744,361138451.31
2017-12-21,'000729,Ñà¾©Æ¡¾Æ,6.57,6.72,6.51,6.56,6.63,-0.06,-0.905,29430723,194134283.14
2017-12-20,'000729,Ñà¾©Æ¡¾Æ,6.63,6.73,6.21,6.25,6.24,0.39,6.25,51528328,338309144.76
2017-12-19,'000729,Ñà¾©Æ¡¾Æ,6.24,6.33,6.22,6.28,6.3,-0.06,-0.9524,9745241,61026569.76
2017-12-18,'000729,Ñà¾©Æ¡¾Æ,6.3,6.34,6.18,6.27,6.26,0.04,0.639,13444317,84505618.2
2017-12-15,'000729,Ñà¾©Æ¡¾Æ,6.26,6.3,6.22,6.25,6.26,0.0,0.0,18177267,113882990.11
2017-12-14,'000729,Ñà¾©Æ¡¾Æ,6.26,6.26,6.07,6.11,6.11,0.15,2.455,30282736,187399767.46
2017-12-13,'000729,Ñà¾©Æ¡¾Æ,6.11,6.13,5.81,5.82,5.82,0.29,4.9828,31256881,188639078.86
2017-12-12,'000729,Ñà¾©Æ¡¾Æ,5.82,5.87,5.82,5.84,5.85,-0.03,-0.5128,4318311,25245191.4
2017-12-11,'000729,Ñà¾©Æ¡¾Æ,5.85,5.87,5.77,5.82,5.8,0.05,0.8621,10241806,59662990.85
2017-12-08,'000729,Ñà¾©Æ¡¾Æ,5.8,5.84,5.78,5.79,5.79,0.01,0.1727,10004579,58138246.53
2017-12-07,'000729,Ñà¾©Æ¡¾Æ,5.79,5.89,5.78,5.82,5.83,-0.04,-0.6861,11578659,67543325.01
2017-12-06,'000729,Ñà¾©Æ¡¾Æ,5.83,5.84,5.76,5.79,5.78,0.05,0.8651,9399884,54440731.9
2017-12-05,'000729,Ñà¾©Æ¡¾Æ,5.78,5.94,5.76,5.91,5.94,-0.16,-2.6936,15632793,91426319.02
2017-12-04,'000729,Ñà¾©Æ¡¾Æ,5.94,5.98,5.91,5.98,5.98,-0.04,-0.6689,7043188,41804071.85
2017-12-01,'000729,Ñà¾©Æ¡¾Æ,5.98,6.03,5.93,5.95,5.94,0.04,0.6734,5777824,34512193.74
2017-11-30,'000729,Ñà¾©Æ¡¾Æ,5.94,5.97,5.92,5.93,5.93,0.01,0.1686,5125956,30477053.61
2017-11-29,'000729,Ñà¾©Æ¡¾Æ,5.93,5.94,5.9,5.91,5.92,0.01,0.1689,6088500,36008053.78
2017-11-28,'000729,Ñà¾©Æ¡¾Æ,5.92,5.96,5.87,5.92,5.93,-0.01,-0.1686,7765900,45935585.1
2017-11-27,'000729,Ñà¾©Æ¡¾Æ,5.93,5.96,5.89,5.92,5.92,0.01,0.1689,13341494,79024775.07
2017-11-24,'000729,Ñà¾©Æ¡¾Æ,5.92,5.93,5.82,5.85,5.86,0.06,1.0239,8015488,46996164.3
2017-11-23,'000729,Ñà¾©Æ¡¾Æ,5.86,5.91,5.85,5.9,5.91,-0.05,-0.846,10454040,61503826.89
2017-11-22,'000729,Ñà¾©Æ¡¾Æ,5.91,5.97,5.88,5.93,5.93,-0.02,-0.3373,14750834,87384132.33
2017-11-21,'000729,Ñà¾©Æ¡¾Æ,5.93,5.95,5.81,5.85,5.86,0.07,1.1945,12489674,73800372.04
2017-11-20,'000729,Ñà¾©Æ¡¾Æ,5.86,5.89,5.79,5.89,5.88,-0.02,-0.3401,11401483,66465399.06
2017-11-17,'000729,Ñà¾©Æ¡¾Æ,5.88,6.08,5.86,6.07,6.07,-0.19,-3.1301,16192293,96418685.35
2017-11-16,'000729,Ñà¾©Æ¡¾Æ,6.07,6.1,6.06,6.06,6.07,0.0,0.0,6045015,36743838.31
2017-11-15,'000729,Ñà¾©Æ¡¾Æ,6.07,6.13,6.05,6.09,6.09,-0.02,-0.3284,6481736,39414155.47
2017-11-14,'000729,Ñà¾©Æ¡¾Æ,6.09,6.16,6.06,6.15,6.16,-0.07,-1.1364,10351707,63194874.63
2017-11-13,'000729,Ñà¾©Æ¡¾Æ,6.16,6.2,6.14,6.19,6.2,-0.04,-0.6452,7247703,44749974.81
2017-11-10,'000729,Ñà¾©Æ¡¾Æ,6.2,6.21,6.18,6.19,6.19,0.01,0.1616,5716992,35399553.89
2017-11-09,'000729,Ñà¾©Æ¡¾Æ,6.19,6.22,6.18,6.19,6.19,0.0,0.0,5004203,31018961.15
2017-11-08,'000729,Ñà¾©Æ¡¾Æ,6.19,6.23,6.15,6.17,6.18,0.01,0.1618,6984519,43302464.24
2017-11-07,'000729,Ñà¾©Æ¡¾Æ,6.18,6.2,6.12,6.13,6.15,0.03,0.4878,9704293,59721216.17
2017-11-06,'000729,Ñà¾©Æ¡¾Æ,6.15,6.16,6.1,6.14,6.14,0.01,0.1629,8889356,54511431.98
2017-11-03,'000729,Ñà¾©Æ¡¾Æ,6.14,6.19,6.12,6.17,6.17,-0.03,-0.4862,8656907,53250417.07
2017-11-02,'000729,Ñà¾©Æ¡¾Æ,6.17,6.3,6.16,6.29,6.29,-0.12,-1.9078,14480100,89991526.0
2017-11-01,'000729,Ñà¾©Æ¡¾Æ,6.29,6.34,6.27,6.33,6.33,-0.04,-0.6319,10003540,63006326.37
2017-10-31,'000729,Ñà¾©Æ¡¾Æ,6.33,6.33,6.26,6.29,6.32,0.01,0.1582,8059002,50789998.58
2017-10-30,'000729,Ñà¾©Æ¡¾Æ,6.32,6.42,6.23,6.41,6.42,-0.1,-1.5576,14614032,92189719.94
2017-10-27,'000729,Ñà¾©Æ¡¾Æ,6.42,6.47,6.4,6.47,6.47,-0.05,-0.7728,9002724,57891446.04
2017-10-26,'000729,Ñà¾©Æ¡¾Æ,6.47,6.5,6.4,6.43,6.44,0.03,0.4658,12404271,80242685.81
2017-10-25,'000729,Ñà¾©Æ¡¾Æ,6.44,6.46,6.41,6.45,6.45,-0.01,-0.155,8416310,54151228.32
2017-10-24,'000729,Ñà¾©Æ¡¾Æ,6.45,6.45,6.39,6.41,6.43,0.02,0.311,6643170,42603492.34
2017-10-23,'000729,Ñà¾©Æ¡¾Æ,6.43,6.44,6.39,6.41,6.41,0.02,0.312,6697761,42955631.12
2017-10-20,'000729,Ñà¾©Æ¡¾Æ,6.41,6.49,6.4,6.47,6.5,-0.09,-1.3846,11780257,75740283.02
2017-10-19,'000729,Ñà¾©Æ¡¾Æ,6.5,6.51,6.38,6.44,6.44,0.06,0.9317,12527924,80835882.07
2017-10-18,'000729,Ñà¾©Æ¡¾Æ,6.44,6.51,6.42,6.49,6.49,-0.05,-0.7704,9876508,63752377.46
2017-10-17,'000729,Ñà¾©Æ¡¾Æ,6.49,6.54,6.47,6.5,6.5,-0.01,-0.1538,8934061,58137675.72
2017-10-16,'000729,Ñà¾©Æ¡¾Æ,6.5,6.58,6.47,6.58,6.6,-0.1,-1.5152,16933939,110307682.47
2017-10-13,'000729,Ñà¾©Æ¡¾Æ,6.6,6.64,6.55,6.55,6.55,0.05,0.7634,20944626,138281904.49
2017-10-12,'000729,Ñà¾©Æ¡¾Æ,6.55,6.59,6.5,6.59,6.6,-0.05,-0.7576,12412752,81217754.36
2017-10-11,'000729,Ñà¾©Æ¡¾Æ,6.6,6.62,6.52,6.53,6.53,0.07,1.072,21848023,143771144.56
2017-10-10,'000729,Ñà¾©Æ¡¾Æ,6.53,6.55,6.48,6.51,6.52,0.01,0.1534,14780298,96403973.27
2017-10-09,'000729,Ñà¾©Æ¡¾Æ,6.52,6.54,6.47,6.47,6.44,0.08,1.2422,12532896,81541633.99
2017-09-29,'000729,Ñà¾©Æ¡¾Æ,6.44,6.47,6.39,6.41,6.4,0.04,0.625,4977094,32063026.62
2017-09-28,'000729,Ñà¾©Æ¡¾Æ,6.4,6.43,6.37,6.38,6.39,0.01,0.1565,4668021,29841289.76
2017-09-27,'000729,Ñà¾©Æ¡¾Æ,6.39,6.41,6.34,6.39,6.39,0.0,0.0,5497500,35099287.0
2017-09-26,'000729,Ñà¾©Æ¡¾Æ,6.39,6.4,6.36,6.38,6.37,0.02,0.314,4573316,29166299.08
2017-09-25,'000729,Ñà¾©Æ¡¾Æ,6.37,6.46,6.36,6.45,6.46,-0.09,-1.3932,6796808,43496701.96
2017-09-22,'000729,Ñà¾©Æ¡¾Æ,6.46,6.49,6.42,6.47,6.47,-0.01,-0.1546,6052287,39063840.0
2017-09-21,'000729,Ñà¾©Æ¡¾Æ,6.47,6.53,6.46,6.53,6.53,-0.06,-0.9188,7676081,49847306.34
2017-09-20,'000729,Ñà¾©Æ¡¾Æ,6.53,6.58,6.49,6.51,6.51,0.02,0.3072,7839282,51213054.36
2017-09-19,'000729,Ñà¾©Æ¡¾Æ,6.51,6.55,6.49,6.54,6.54,-0.03,-0.4587,6988832,45526214.68
2017-09-18,'000729,Ñà¾©Æ¡¾Æ,6.54,6.55,6.47,6.48,6.48,0.06,0.9259,8185903,53376107.18
2017-09-15,'000729,Ñà¾©Æ¡¾Æ,6.48,6.5,6.45,6.47,6.47,0.01,0.1546,6861790,44413961.93
2017-09-14,'000729,Ñà¾©Æ¡¾Æ,6.47,6.51,6.45,6.5,6.5,-0.03,-0.4615,5981308,38718807.15
2017-09-13,'000729,Ñà¾©Æ¡¾Æ,6.5,6.51,6.46,6.47,6.48,0.02,0.3086,8040869,52152851.04
2017-09-12,'000729,Ñà¾©Æ¡¾Æ,6.48,6.53,6.46,6.52,6.52,-0.04,-0.6135,9695533,62853749.27
2017-09-11,'000729,Ñà¾©Æ¡¾Æ,6.52,6.53,6.49,6.51,6.51,0.01,0.1536,5879277,38293063.79
2017-09-08,'000729,Ñà¾©Æ¡¾Æ,6.51,6.52,6.48,6.49,6.49,0.02,0.3082,8523932,55421096.82
2017-09-07,'000729,Ñà¾©Æ¡¾Æ,6.49,6.54,6.48,6.52,6.52,-0.03,-0.4601,9395815,61188216.41
2017-09-06,'000729,Ñà¾©Æ¡¾Æ,6.52,6.55,6.5,6.54,6.56,-0.04,-0.6098,6208516,40477303.15
2017-09-05,'000729,Ñà¾©Æ¡¾Æ,6.56,6.58,6.52,6.53,6.52,0.04,0.6135,10290139,67396961.99
2017-09-04,'000729,Ñà¾©Æ¡¾Æ,6.52,6.57,6.49,6.56,6.57,-0.05,-0.761,9937571,64813359.37
2017-09-01,'000729,Ñà¾©Æ¡¾Æ,6.57,6.6,6.55,6.58,6.57,0.0,0.0,11246279,73849012.06
2017-08-31,'000729,Ñà¾©Æ¡¾Æ,6.57,6.62,6.55,6.6,6.59,-0.02,-0.3035,6658043,43757628.7
2017-08-30,'000729,Ñà¾©Æ¡¾Æ,6.59,6.63,6.55,6.55,6.55,0.04,0.6107,9900387,65275130.87
2017-08-29,'000729,Ñà¾©Æ¡¾Æ,6.55,6.62,6.47,6.48,6.47,0.08,1.2365,23335932,153395085.26
2017-08-28,'000729,Ñà¾©Æ¡¾Æ,6.47,6.49,6.43,6.44,6.43,0.04,0.6221,12019723,77788251.1
2017-08-25,'000729,Ñà¾©Æ¡¾Æ,6.43,6.43,6.37,6.38,6.38,0.05,0.7837,6232389,39912122.06
2017-08-24,'000729,Ñà¾©Æ¡¾Æ,6.38,6.44,6.37,6.42,6.42,-0.04,-0.6231,5605796,35916781.11
2017-08-23,'000729,Ñà¾©Æ¡¾Æ,6.42,6.45,6.41,6.44,6.45,-0.03,-0.4651,4053302,26043988.44
2017-08-22,'000729,Ñà¾©Æ¡¾Æ,6.45,6.48,6.42,6.47,6.47,-0.02,-0.3091,5062071,32621122.24
2017-08-21,'000729,Ñà¾©Æ¡¾Æ,6.47,6.48,6.44,6.44,6.44,0.03,0.4658,5782608,37354951.6
2017-08-18,'000729,Ñà¾©Æ¡¾Æ,6.44,6.47,6.41,6.46,6.48,-0.04,-0.6173,5671264,36486580.47
2017-08-17,'000729,Ñà¾©Æ¡¾Æ,6.48,6.5,6.42,6.43,6.44,0.04,0.6211,6505335,42070417.62
2017-08-16,'000729,Ñà¾©Æ¡¾Æ,6.44,6.44,6.39,6.42,6.42,0.02,0.3115,4906057,31445849.38
2017-08-15,'000729,Ñà¾©Æ¡¾Æ,6.42,6.47,6.39,6.45,6.45,-0.03,-0.4651,6057854,38910568.82
2017-08-14,'000729,Ñà¾©Æ¡¾Æ,6.45,6.48,6.37,6.37,6.39,0.06,0.939,8344473,53679962.03
2017-08-11,'000729,Ñà¾©Æ¡¾Æ,6.39,6.53,6.37,6.52,6.57,-0.18,-2.7397,14001907,90277267.21
2017-08-10,'000729,Ñà¾©Æ¡¾Æ,6.57,6.64,6.42,6.44,6.46,0.11,1.7028,29101925,189800789.66
2017-08-09,'000729,Ñà¾©Æ¡¾Æ,6.46,6.47,6.35,6.38,6.38,0.08,1.2539,16112919,103583617.76
2017-08-08,'000729,Ñà¾©Æ¡¾Æ,6.38,6.41,6.35,6.4,6.41,-0.03,-0.468,9219382,58735487.49
2017-08-07,'000729,Ñà¾©Æ¡¾Æ,6.41,6.43,6.35,6.36,6.36,0.05,0.7862,9210658,58804056.85
2017-08-04,'000729,Ñà¾©Æ¡¾Æ,6.36,6.38,6.34,6.36,6.37,-0.01,-0.157,5938034,37785200.4
2017-08-03,'000729,Ñà¾©Æ¡¾Æ,6.37,6.38,6.35,6.35,6.35,0.02,0.315,6268432,39901465.52
2017-08-02,'000729,Ñà¾©Æ¡¾Æ,6.35,6.4,6.35,6.37,6.38,-0.03,-0.4702,11287774,71920373.49
2017-08-01,'000729,Ñà¾©Æ¡¾Æ,6.38,6.39,6.34,6.39,6.38,0.0,0.0,10782716,68659762.79
2017-07-31,'000729,Ñà¾©Æ¡¾Æ,6.38,6.41,6.34,6.35,6.36,0.02,0.3145,13631310,86865727.04
2017-07-28,'000729,Ñà¾©Æ¡¾Æ,6.36,6.4,6.32,6.37,6.38,-0.02,-0.3135,9113943,58069218.15
2017-07-27,'000729,Ñà¾©Æ¡¾Æ,6.38,6.4,6.28,6.35,6.35,0.03,0.4724,9098957,57667021.26
2017-07-26,'000729,Ñà¾©Æ¡¾Æ,6.35,6.4,6.31,6.37,6.39,-0.04,-0.626,7354701,46657207.12
2017-07-25,'000729,Ñà¾©Æ¡¾Æ,6.39,6.44,6.35,6.39,6.38,0.01,0.1567,7514067,47973257.64
2017-07-24,'000729,Ñà¾©Æ¡¾Æ,6.38,6.41,6.3,6.32,6.33,0.05,0.7899,9859911,62898590.9
2017-07-21,'000729,Ñà¾©Æ¡¾Æ,6.33,6.34,6.29,6.3,6.3,0.03,0.4762,9757709,61638326.48
2017-07-20,'000729,Ñà¾©Æ¡¾Æ,6.3,6.33,6.26,6.26,6.3,0.0,0.0,14912755,93986563.96
2017-07-19,'000729,Ñà¾©Æ¡¾Æ,6.3,6.3,6.18,6.28,6.28,0.02,0.3185,24268240,151304387.97
2017-07-18,'000729,Ñà¾©Æ¡¾Æ,6.28,6.38,6.2,6.35,6.3,-0.02,-0.3175,19884725,124359184.3
2017-07-17,'000729,Ñà¾©Æ¡¾Æ,6.3,6.69,6.25,6.68,6.68,-0.38,-5.6886,22922370,148153782.24
2017-07-14,'000729,Ñà¾©Æ¡¾Æ,6.68,6.7,6.66,6.66,6.7,-0.02,-0.2985,5727489,38267397.02
2017-07-13,'000729,Ñà¾©Æ¡¾Æ,6.7,6.77,6.68,6.71,6.72,-0.02,-0.2976,9447706,63426873.32
2017-07-12,'000729,Ñà¾©Æ¡¾Æ,6.72,6.78,6.68,6.72,6.68,0.04,0.5988,10231860,68743103.05
2017-07-11,'000729,Ñà¾©Æ¡¾Æ,6.68,6.78,6.67,6.74,6.73,-0.05,-0.7429,16828359,113301056.93
2017-07-10,'000729,Ñà¾©Æ¡¾Æ,6.77,6.82,6.63,6.67,6.69,0.08,1.1958,17193702,115489426.49
2017-07-07,'000729,Ñà¾©Æ¡¾Æ,6.69,6.69,6.6,6.69,6.67,0.02,0.2999,8649903,57477582.88
2017-07-06,'000729,Ñà¾©Æ¡¾Æ,6.67,6.73,6.66,6.72,6.72,-0.05,-0.744,9064788,60604479.58
2017-07-05,'000729,Ñà¾©Æ¡¾Æ,6.72,6.75,6.67,6.68,6.67,0.05,0.7496,4904893,32846998.0
2017-07-04,'000729,Ñà¾©Æ¡¾Æ,6.67,6.74,6.66,6.71,6.7,-0.03,-0.4478,6932593,46442162.31
2017-07-03,'000729,Ñà¾©Æ¡¾Æ,6.7,6.71,6.65,6.69,6.72,-0.02,-0.2976,6335601,42311992.56
2017-06-30,'000729,Ñà¾©Æ¡¾Æ,6.72,6.79,6.58,6.62,6.63,0.09,1.3575,12476845,83781693.25
2017-06-29,'000729,Ñà¾©Æ¡¾Æ,6.63,6.67,6.6,6.62,6.63,0.0,0.0,6926578,45892637.56
2017-06-28,'000729,Ñà¾©Æ¡¾Æ,6.63,6.66,6.59,6.66,6.67,-0.04,-0.5997,7020094,46516587.22
2017-06-27,'000729,Ñà¾©Æ¡¾Æ,6.67,6.71,6.64,6.66,6.66,0.01,0.1502,8311975,55465080.67
2017-06-26,'000729,Ñà¾©Æ¡¾Æ,6.66,6.69,6.49,6.51,6.53,0.13,1.9908,12334317,81658610.81
2017-06-23,'000729,Ñà¾©Æ¡¾Æ,6.53,6.56,6.45,6.54,6.53,0.0,0.0,8364885,54446192.72
2017-06-22,'000729,Ñà¾©Æ¡¾Æ,6.53,6.64,6.52,6.62,6.62,-0.09,-1.3595,10869570,71626507.37
2017-06-21,'000729,Ñà¾©Æ¡¾Æ,6.62,6.63,6.59,6.6,6.59,0.03,0.4552,4975864,32877510.64
2017-06-20,'000729,Ñà¾©Æ¡¾Æ,6.59,6.63,6.57,6.6,6.6,-0.01,-0.1515,4855130,32056698.04
2017-06-19,'000729,Ñà¾©Æ¡¾Æ,6.6,6.63,6.57,6.59,6.57,0.03,0.4566,6241962,41229634.68
2017-06-16,'000729,Ñà¾©Æ¡¾Æ,6.57,6.67,6.56,6.66,6.67,-0.1,-1.4993,8103962,53494711.41
2017-06-15,'000729,Ñà¾©Æ¡¾Æ,6.67,6.71,6.64,6.64,6.64,0.03,0.4518,4503362,30090873.23
2017-06-14,'000729,Ñà¾©Æ¡¾Æ,6.64,6.71,6.62,6.71,6.71,-0.07,-1.0432,5084594,33907685.28
2017-06-13,'000729,Ñà¾©Æ¡¾Æ,6.71,6.75,6.64,6.73,6.73,-0.02,-0.2972,5738198,38460626.07
2017-06-12,'000729,Ñà¾©Æ¡¾Æ,6.73,6.81,6.67,6.69,6.72,0.01,0.1488,10463830,70507684.59
2017-06-09,'000729,Ñà¾©Æ¡¾Æ,6.72,6.76,6.58,6.6,6.61,0.11,1.6641,17069121,114378936.54
2017-06-08,'000729,Ñà¾©Æ¡¾Æ,6.61,6.62,6.52,6.54,6.54,0.07,1.0703,15725557,103341696.68
2017-06-07,'000729,Ñà¾©Æ¡¾Æ,6.54,6.55,6.39,6.4,6.4,0.14,2.1875,13431904,87262655.34
2017-06-06,'000729,Ñà¾©Æ¡¾Æ,6.4,6.46,6.38,6.41,6.43,-0.03,-0.4666,7449778,47758752.41
2017-06-05,'000729,Ñà¾©Æ¡¾Æ,6.43,6.5,6.41,6.41,6.44,-0.01,-0.1553,8279100,53434852.01
2017-06-02,'000729,Ñà¾©Æ¡¾Æ,6.44,6.46,6.37,6.41,6.42,0.02,0.3115,8217166,52702017.58
2017-06-01,'000729,Ñà¾©Æ¡¾Æ,6.42,6.51,6.42,6.48,6.5,-0.08,-1.2308,11390131,73541798.78
2017-05-31,'000729,Ñà¾©Æ¡¾Æ,6.5,6.53,6.31,6.33,6.25,0.25,4.0,27532210,177090570.6
2017-05-26,'000729,Ñà¾©Æ¡¾Æ,6.25,6.31,6.24,6.28,6.31,-0.06,-0.9509,10234609,64207617.04
2017-05-25,'000729,Ñà¾©Æ¡¾Æ,6.31,6.31,6.17,6.22,6.25,0.06,0.96,15963430,99602517.01
2017-05-24,'000729,Ñà¾©Æ¡¾Æ,6.25,6.25,6.13,6.23,6.23,0.02,0.321,8955876,55326004.79
2017-05-23,'000729,Ñà¾©Æ¡¾Æ,6.23,6.41,6.21,6.4,6.4,-0.17,-2.6563,14541202,91533237.46
2017-05-22,'000729,Ñà¾©Æ¡¾Æ,6.4,6.51,6.4,6.5,6.52,-0.12,-1.8405,11726059,75637107.4
2017-05-19,'000729,Ñà¾©Æ¡¾Æ,6.52,6.53,6.46,6.52,6.52,0.0,0.0,9551045,62038779.42
2017-05-18,'000729,Ñà¾©Æ¡¾Æ,6.52,6.57,6.5,6.53,6.57,-0.05,-0.761,9458172,61695660.18
2017-05-17,'000729,Ñà¾©Æ¡¾Æ,6.57,6.68,6.56,6.66,6.69,-0.12,-1.7937,13062803,86356308.18
2017-05-16,'000729,Ñà¾©Æ¡¾Æ,6.69,6.71,6.52,6.55,6.54,0.15,2.2936,9047729,59834308.09
2017-05-15,'000729,Ñà¾©Æ¡¾Æ,6.54,6.58,6.52,6.55,6.55,-0.01,-0.1527,6567598,42986639.67
2017-05-12,'000729,Ñà¾©Æ¡¾Æ,6.55,6.57,6.51,6.56,6.57,-0.02,-0.3044,4258493,27838633.47
2017-05-11,'000729,Ñà¾©Æ¡¾Æ,6.57,6.6,6.42,6.55,6.6,-0.03,-0.4545,12457336,81338827.11
2017-05-10,'000729,Ñà¾©Æ¡¾Æ,6.6,6.69,6.56,6.66,6.63,-0.03,-0.4525,8496987,56318060.05
2017-05-09,'000729,Ñà¾©Æ¡¾Æ,6.63,6.71,6.6,6.61,6.61,0.02,0.3026,9165081,60882862.68
2017-05-08,'000729,Ñà¾©Æ¡¾Æ,6.61,6.71,6.56,6.68,6.69,-0.08,-1.1958,9629148,63946274.32
2017-05-05,'000729,Ñà¾©Æ¡¾Æ,6.69,6.88,6.68,6.82,6.83,-0.14,-2.0498,10746222,72660813.69
2017-05-04,'000729,Ñà¾©Æ¡¾Æ,6.83,6.9,6.82,6.87,6.89,-0.06,-0.8708,6139779,42110284.02
2017-05-03,'000729,Ñà¾©Æ¡¾Æ,6.89,6.97,6.82,6.92,6.92,-0.03,-0.4335,8234687,56646591.06
2017-05-02,'000729,Ñà¾©Æ¡¾Æ,6.92,6.97,6.88,6.97,6.97,-0.05,-0.7174,6365547,44039734.82
2017-04-28,'000729,Ñà¾©Æ¡¾Æ,6.97,7.01,6.93,7.01,7.02,-0.05,-0.7123,5777855,40271064.98
2017-04-27,'000729,Ñà¾©Æ¡¾Æ,7.02,7.05,6.86,6.96,6.98,0.04,0.5731,10186312,70950571.54
2017-04-26,'000729,Ñà¾©Æ¡¾Æ,6.98,7.12,6.88,7.05,7.16,-0.18,-2.514,15218688,106477504.4
2017-04-25,'000729,Ñà¾©Æ¡¾Æ,7.16,7.34,7.02,7.32,7.29,-0.13,-1.7833,14730266,106206349.93
2017-04-24,'000729,Ñà¾©Æ¡¾Æ,7.29,7.48,7.29,7.48,7.47,-0.18,-2.4096,8427051,61968490.74
2017-04-21,'000729,Ñà¾©Æ¡¾Æ,7.47,7.6,7.47,7.56,7.57,-0.1,-1.321,5903026,44445538.41
2017-04-20,'000729,Ñà¾©Æ¡¾Æ,7.57,7.57,7.42,7.42,7.44,0.13,1.7473,9127542,68595774.82
2017-04-19,'000729,Ñà¾©Æ¡¾Æ,7.44,7.59,7.39,7.59,7.59,-0.15,-1.9763,10824361,80587627.1
2017-04-18,'000729,Ñà¾©Æ¡¾Æ,7.59,7.69,7.55,7.55,7.54,0.05,0.6631,6380697,48651652.89
2017-04-17,'000729,Ñà¾©Æ¡¾Æ,7.54,7.65,7.51,7.65,7.66,-0.12,-1.5666,6430505,48789945.89
2017-04-14,'000729,Ñà¾©Æ¡¾Æ,7.66,7.72,7.63,7.65,7.7,-0.04,-0.5195,11253872,86410271.21
2017-04-13,'000729,Ñà¾©Æ¡¾Æ,7.7,7.75,7.53,7.53,7.56,0.14,1.8519,14028850,107265804.01
2017-04-12,'000729,Ñà¾©Æ¡¾Æ,7.56,7.68,7.56,7.64,7.69,-0.13,-1.6905,13618498,103543585.97
2017-04-11,'000729,Ñà¾©Æ¡¾Æ,7.69,7.72,7.61,7.7,7.73,-0.04,-0.5175,12705735,97335318.22
2017-04-10,'000729,Ñà¾©Æ¡¾Æ,7.73,7.78,7.53,7.59,7.63,0.1,1.3106,12968335,99170215.86
2017-04-07,'000729,Ñà¾©Æ¡¾Æ,7.63,7.69,7.58,7.63,7.63,0.0,0.0,6566227,50085932.99
2017-04-06,'000729,Ñà¾©Æ¡¾Æ,7.63,7.69,7.58,7.69,7.7,-0.07,-0.9091,10142390,77293825.22
2017-04-05,'000729,Ñà¾©Æ¡¾Æ,7.7,7.73,7.53,7.57,7.5,0.2,2.6667,16546287,126571684.9
2017-03-31,'000729,Ñà¾©Æ¡¾Æ,7.5,7.52,7.36,7.37,7.39,0.11,1.4885,10153699,75617758.44
2017-03-30,'000729,Ñà¾©Æ¡¾Æ,7.39,7.44,7.36,7.42,7.44,-0.05,-0.672,8982620,66393221.8
2017-03-29,'000729,Ñà¾©Æ¡¾Æ,7.44,7.5,7.42,7.5,7.5,-0.06,-0.8,7564718,56442072.04
2017-03-28,'000729,Ñà¾©Æ¡¾Æ,7.5,7.56,7.48,7.51,7.53,-0.03,-0.3984,12027411,90398535.29
2017-03-27,'000729,Ñà¾©Æ¡¾Æ,7.53,7.56,7.34,7.36,7.38,0.15,2.0325,20373083,152451845.57
2017-03-24,'000729,Ñà¾©Æ¡¾Æ,7.38,7.44,7.27,7.38,7.38,0.0,0.0,15569647,114110624.87
2017-03-23,'000729,Ñà¾©Æ¡¾Æ,7.38,7.45,7.37,7.42,7.42,-0.04,-0.5391,10034209,74421642.15
2017-03-22,'000729,Ñà¾©Æ¡¾Æ,7.42,7.45,7.37,7.41,7.44,-0.02,-0.2688,5605064,41652828.87
2017-03-21,'000729,Ñà¾©Æ¡¾Æ,7.44,7.49,7.4,7.45,7.46,-0.02,-0.2681,5943902,44222846.45
2017-03-20,'000729,Ñà¾©Æ¡¾Æ,7.46,7.47,7.35,7.45,7.45,0.01,0.1342,10087354,74634126.53
2017-03-17,'000729,Ñà¾©Æ¡¾Æ,7.45,7.49,7.43,7.49,7.47,-0.02,-0.2677,9479642,70620247.13
2017-03-16,'000729,Ñà¾©Æ¡¾Æ,7.47,7.49,7.44,7.47,7.45,0.02,0.2685,5713581,42611261.81
2017-03-15,'000729,Ñà¾©Æ¡¾Æ,7.45,7.49,7.41,7.49,7.45,0.0,0.0,4127607,30755585.65
2017-03-14,'000729,Ñà¾©Æ¡¾Æ,7.45,7.49,7.43,7.45,7.45,0.0,0.0,4704533,35134057.52
2017-03-13,'000729,Ñà¾©Æ¡¾Æ,7.45,7.45,7.36,7.4,7.4,0.05,0.6757,5831396,43258688.58
2017-03-10,'000729,Ñà¾©Æ¡¾Æ,7.4,7.43,7.35,7.39,7.39,0.01,0.1353,5354894,39514751.3
2017-03-09,'000729,Ñà¾©Æ¡¾Æ,7.39,7.47,7.37,7.46,7.47,-0.08,-1.071,6556488,48575447.9
2017-03-08,'000729,Ñà¾©Æ¡¾Æ,7.47,7.49,7.43,7.49,7.49,-0.02,-0.267,4095703,30542975.21
2017-03-07,'000729,Ñà¾©Æ¡¾Æ,7.49,7.49,7.44,7.45,7.45,0.04,0.5369,4474668,33376960.0
2017-03-06,'000729,Ñà¾©Æ¡¾Æ,7.45,7.48,7.41,7.43,7.43,0.02,0.2692,5867500,43683318.14
2017-03-03,'000729,Ñà¾©Æ¡¾Æ,7.43,7.51,7.41,7.45,7.45,-0.02,-0.2685,8403770,62585859.97
2017-03-02,'000729,Ñà¾©Æ¡¾Æ,7.45,7.54,7.42,7.52,7.52,-0.07,-0.9309,6066889,45297116.11
2017-03-01,'000729,Ñà¾©Æ¡¾Æ,7.52,7.55,7.45,7.49,7.5,0.02,0.2667,7439021,55831115.13
2017-02-28,'000729,Ñà¾©Æ¡¾Æ,7.5,7.51,7.44,7.44,7.46,0.04,0.5362,4052973,30273953.41
2017-02-27,'000729,Ñà¾©Æ¡¾Æ,7.46,7.57,7.44,7.5,7.48,-0.02,-0.2674,8177447,61256708.44
2017-02-24,'000729,Ñà¾©Æ¡¾Æ,7.48,7.61,7.45,7.61,7.61,-0.13,-1.7083,10648693,79834197.72
2017-02-23,'000729,Ñà¾©Æ¡¾Æ,7.61,7.62,7.53,7.57,7.6,0.01,0.1316,8820047,66852588.41
2017-02-22,'000729,Ñà¾©Æ¡¾Æ,7.6,7.62,7.52,7.6,7.6,0.0,0.0,11634462,88101450.66
2017-02-21,'000729,Ñà¾©Æ¡¾Æ,7.6,7.62,7.45,7.45,7.47,0.13,1.7403,29857955,225753919.61
2017-02-20,'000729,Ñà¾©Æ¡¾Æ,7.47,7.49,7.27,7.27,7.29,0.18,2.4691,19958682,147687554.79
2017-02-17,'000729,Ñà¾©Æ¡¾Æ,7.29,7.45,7.27,7.35,7.33,-0.04,-0.5457,12640357,93120258.4
2017-02-16,'000729,Ñà¾©Æ¡¾Æ,7.33,7.36,7.28,7.29,7.27,0.06,0.8253,5902018,43157325.14
2017-02-15,'000729,Ñà¾©Æ¡¾Æ,7.27,7.37,7.25,7.34,7.34,-0.07,-0.9537,9857708,72126871.26
2017-02-14,'000729,Ñà¾©Æ¡¾Æ,7.34,7.43,7.25,7.41,7.41,-0.07,-0.9447,12527722,91848260.81
2017-02-13,'000729,Ñà¾©Æ¡¾Æ,7.41,7.52,7.31,7.32,7.35,0.06,0.8163,13734181,102328537.6
2017-02-10,'000729,Ñà¾©Æ¡¾Æ,7.35,7.44,7.31,7.35,7.35,0.0,0.0,12333845,91203689.3
2017-02-09,'000729,Ñà¾©Æ¡¾Æ,7.35,7.42,7.24,7.27,7.27,0.08,1.1004,21112527,155334862.95
2017-02-08,'000729,Ñà¾©Æ¡¾Æ,7.27,7.27,7.16,7.21,7.22,0.05,0.6925,5934342,42862417.95
2017-02-07,'000729,Ñà¾©Æ¡¾Æ,7.22,7.28,7.18,7.2,7.24,-0.02,-0.2762,7138125,51556224.69
2017-02-06,'000729,Ñà¾©Æ¡¾Æ,7.24,7.28,7.12,7.15,7.14,0.1,1.4006,12911389,93250114.59
2017-02-03,'000729,Ñà¾©Æ¡¾Æ,7.14,7.2,7.11,7.14,7.13,0.01,0.1403,9027133,64554534.7
2017-01-26,'000729,Ñà¾©Æ¡¾Æ,7.13,7.16,7.06,7.1,7.1,0.03,0.4225,9663231,68905201.67
2017-01-25,'000729,Ñà¾©Æ¡¾Æ,7.1,7.11,7.0,7.0,7.03,0.07,0.9957,7747154,54801381.21
2017-01-24,'000729,Ñà¾©Æ¡¾Æ,7.03,7.05,6.96,7.03,7.03,0.0,0.0,4275681,30000976.06
2017-01-23,'000729,Ñà¾©Æ¡¾Æ,7.03,7.07,7.0,7.0,6.99,0.04,0.5722,7184410,50582097.46
2017-01-20,'000729,Ñà¾©Æ¡¾Æ,6.99,7.03,6.93,6.94,6.94,0.05,0.7205,5158445,36066411.96
2017-01-19,'000729,Ñà¾©Æ¡¾Æ,6.94,6.99,6.93,6.96,6.98,-0.04,-0.5731,4855113,33771534.43
2017-01-18,'000729,Ñà¾©Æ¡¾Æ,6.98,7.02,6.92,6.95,6.97,0.01,0.1435,5074441,35376509.78
2017-01-17,'000729,Ñà¾©Æ¡¾Æ,6.97,6.97,6.85,6.86,6.87,0.1,1.4556,4958699,34344492.41
2017-01-16,'000729,Ñà¾©Æ¡¾Æ,6.87,6.98,6.81,6.96,6.99,-0.12,-1.7167,10852386,74760230.7
2017-01-13,'000729,Ñà¾©Æ¡¾Æ,6.99,7.09,6.94,7.07,7.08,-0.09,-1.2712,8567234,60218845.45
2017-01-12,'000729,Ñà¾©Æ¡¾Æ,7.08,7.14,7.06,7.11,7.12,-0.04,-0.5618,6339440,44926002.28
2017-01-11,'000729,Ñà¾©Æ¡¾Æ,7.12,7.18,7.11,7.16,7.16,-0.04,-0.5587,5513481,39383777.96
2017-01-10,'000729,Ñà¾©Æ¡¾Æ,7.16,7.25,7.15,7.24,7.24,-0.08,-1.105,5726515,41273200.3
2017-01-09,'000729,Ñà¾©Æ¡¾Æ,7.24,7.27,7.13,7.16,7.16,0.08,1.1173,10154423,73414792.81
2017-01-06,'000729,Ñà¾©Æ¡¾Æ,7.16,7.27,7.13,7.25,7.24,-0.08,-1.105,9992957,71696557.63
2017-01-05,'000729,Ñà¾©Æ¡¾Æ,7.24,7.28,7.16,7.18,7.18,0.06,0.8357,15755368,113752633.57
2017-01-04,'000729,Ñà¾©Æ¡¾Æ,7.18,7.19,7.01,7.01,7.02,0.16,2.2792,16824827,120061750.6
2017-01-03,'000729,Ñà¾©Æ¡¾Æ,7.02,7.03,6.95,6.97,6.95,0.07,1.0072,7271868,50913440.05
2016-12-30,'000729,Ñà¾©Æ¡¾Æ,6.95,6.99,6.91,6.96,6.96,-0.01,-0.1437,8563547,59541840.79
2016-12-29,'000729,Ñà¾©Æ¡¾Æ,6.96,7.04,6.95,7.04,7.04,-0.08,-1.1364,7638861,53319259.22
2016-12-28,'000729,Ñà¾©Æ¡¾Æ,7.04,7.1,7.01,7.08,7.08,-0.04,-0.565,7465688,52549942.66
2016-12-27,'000729,Ñà¾©Æ¡¾Æ,7.08,7.15,7.02,7.02,7.02,0.06,0.8547,10532061,74668200.4
2016-12-26,'000729,Ñà¾©Æ¡¾Æ,7.02,7.03,6.9,7.0,7.04,-0.02,-0.2841,8518825,59287261.77
2016-12-23,'000729,Ñà¾©Æ¡¾Æ,7.04,7.15,7.0,7.01,6.96,0.08,1.1494,17697978,125105703.97
2016-12-22,'000729,Ñà¾©Æ¡¾Æ,6.96,6.97,6.92,6.96,6.95,0.01,0.1439,6739548,46819435.89
2016-12-21,'000729,Ñà¾©Æ¡¾Æ,6.95,6.99,6.87,6.87,6.89,0.06,0.8708,10323499,71719133.67
2016-12-20,'000729,Ñà¾©Æ¡¾Æ,6.89,6.93,6.85,6.93,6.94,-0.05,-0.7205,8964061,61682629.14
2016-12-19,'000729,Ñà¾©Æ¡¾Æ,6.94,6.97,6.91,6.94,6.93,0.01,0.1443,8348578,57893651.72
2016-12-16,'000729,Ñà¾©Æ¡¾Æ,6.93,6.97,6.89,6.91,6.91,0.02,0.2894,9154407,63436652.36
2016-12-15,'000729,Ñà¾©Æ¡¾Æ,6.91,6.95,6.86,6.89,6.89,0.02,0.2903,11161406,77111642.89
2016-12-14,'000729,Ñà¾©Æ¡¾Æ,6.89,7.0,6.89,6.98,6.98,-0.09,-1.2894,13225193,91747546.29
2016-12-13,'000729,Ñà¾©Æ¡¾Æ,6.98,7.04,6.9,7.03,7.02,-0.04,-0.5698,15018822,104445882.71
2016-12-12,'000729,Ñà¾©Æ¡¾Æ,7.02,7.36,7.0,7.34,7.34,-0.32,-4.3597,23982080,171894519.85
2016-12-09,'000729,Ñà¾©Æ¡¾Æ,7.34,7.41,7.32,7.37,7.37,-0.03,-0.4071,21145285,155758917.68
2016-12-08,'000729,Ñà¾©Æ¡¾Æ,7.37,7.45,7.36,7.45,7.44,-0.07,-0.9409,10976082,81257909.62
2016-12-07,'000729,Ñà¾©Æ¡¾Æ,7.44,7.44,7.38,7.42,7.41,0.03,0.4049,7864255,58280038.82
2016-12-06,'000729,Ñà¾©Æ¡¾Æ,7.41,7.51,7.38,7.46,7.46,-0.05,-0.6702,12214243,90779998.33
2016-12-05,'000729,Ñà¾©Æ¡¾Æ,7.46,7.56,7.46,7.5,7.54,-0.08,-1.061,8261282,62030983.93
2016-12-02,'000729,Ñà¾©Æ¡¾Æ,7.54,7.63,7.51,7.61,7.62,-0.08,-1.0499,11207682,84740922.46
2016-12-01,'000729,Ñà¾©Æ¡¾Æ,7.62,7.66,7.56,7.56,7.55,0.07,0.9272,13121680,99757979.42
2016-11-30,'000729,Ñà¾©Æ¡¾Æ,7.55,7.64,7.53,7.63,7.65,-0.1,-1.3072,14990221,113563021.81
2016-11-29,'000729,Ñà¾©Æ¡¾Æ,7.65,7.68,7.58,7.61,7.61,0.04,0.5256,22676679,173436476.06
2016-11-28,'000729,Ñà¾©Æ¡¾Æ,7.61,7.65,7.58,7.63,7.61,0.0,0.0,13179142,100403707.46
2016-11-25,'000729,Ñà¾©Æ¡¾Æ,7.61,7.63,7.52,7.62,7.62,-0.01,-0.1312,12561890,95124441.03
2016-11-24,'000729,Ñà¾©Æ¡¾Æ,7.62,7.64,7.6,7.61,7.62,0.0,0.0,9669161,73654080.06
2016-11-23,'000729,Ñà¾©Æ¡¾Æ,7.62,7.66,7.6,7.66,7.65,-0.03,-0.3922,13982868,106594698.37
2016-11-22,'000729,Ñà¾©Æ¡¾Æ,7.65,7.65,7.59,7.61,7.6,0.05,0.6579,10031108,76413483.79
2016-11-21,'000729,Ñà¾©Æ¡¾Æ,7.6,7.63,7.58,7.59,7.6,0.0,0.0,9421736,71694414.11
2016-11-18,'000729,Ñà¾©Æ¡¾Æ,7.6,7.64,7.6,7.64,7.65,-0.05,-0.6536,10278362,78241868.65
2016-11-17,'000729,Ñà¾©Æ¡¾Æ,7.65,7.66,7.6,7.62,7.62,0.03,0.3937,11976828,91369830.16
2016-11-16,'000729,Ñà¾©Æ¡¾Æ,7.62,7.64,7.59,7.62,7.63,-0.01,-0.1311,11917181,90776982.14
2016-11-15,'000729,Ñà¾©Æ¡¾Æ,7.63,7.63,7.58,7.6,7.6,0.03,0.3947,11117908,84491856.33
2016-11-14,'000729,Ñà¾©Æ¡¾Æ,7.6,7.64,7.57,7.61,7.61,-0.01,-0.1314,14333321,108874118.2
2016-11-11,'000729,Ñà¾©Æ¡¾Æ,7.61,7.64,7.55,7.64,7.64,-0.03,-0.3927,9651165,73360552.21
2016-11-10,'000729,Ñà¾©Æ¡¾Æ,7.64,7.65,7.57,7.57,7.54,0.1,1.3263,10874859,82696911.43
2016-11-09,'000729,Ñà¾©Æ¡¾Æ,7.54,7.61,7.48,7.6,7.6,-0.06,-0.7895,7685496,57996066.03
2016-11-08,'000729,Ñà¾©Æ¡¾Æ,7.6,7.62,7.54,7.59,7.59,0.01,0.1318,7444450,56472673.42
2016-11-07,'000729,Ñà¾©Æ¡¾Æ,7.59,7.6,7.49,7.52,7.54,0.05,0.6631,7515758,56760687.74
2016-11-04,'000729,Ñà¾©Æ¡¾Æ,7.54,7.56,7.5,7.53,7.51,0.03,0.3995,4996074,37613751.18
2016-11-03,'000729,Ñà¾©Æ¡¾Æ,7.51,7.57,7.47,7.48,7.48,0.03,0.4011,8432542,63444958.39
2016-11-02,'000729,Ñà¾©Æ¡¾Æ,7.48,7.66,7.47,7.63,7.65,-0.17,-2.2222,13894129,105135543.55
2016-11-01,'000729,Ñà¾©Æ¡¾Æ,7.65,7.67,7.6,7.63,7.62,0.03,0.3937,8810312,67211690.61
2016-10-31,'000729,Ñà¾©Æ¡¾Æ,7.62,7.88,7.6,7.84,7.87,-0.25,-3.1766,15153632,116318561.28
2016-10-28,'000729,Ñà¾©Æ¡¾Æ,7.87,7.97,7.85,7.88,7.92,-0.05,-0.6313,7302074,57751929.72
2016-10-27,'000729,Ñà¾©Æ¡¾Æ,7.92,7.98,7.88,7.88,7.95,-0.03,-0.3774,8475136,67249419.77
2016-10-26,'000729,Ñà¾©Æ¡¾Æ,7.95,7.99,7.84,7.86,7.89,0.06,0.7605,10525292,83471225.34
2016-10-25,'000729,Ñà¾©Æ¡¾Æ,7.89,7.9,7.83,7.88,7.89,0.0,0.0,4902278,38550770.34
2016-10-24,'000729,Ñà¾©Æ¡¾Æ,7.89,7.91,7.8,7.81,7.81,0.08,1.0243,9325287,73346912.92
2016-10-21,'000729,Ñà¾©Æ¡¾Æ,7.81,7.89,7.76,7.88,7.86,-0.05,-0.6361,6990388,54510602.62
2016-10-20,'000729,Ñà¾©Æ¡¾Æ,7.86,7.92,7.83,7.83,7.86,0.0,0.0,10479049,82478914.57
2016-10-19,'000729,Ñà¾©Æ¡¾Æ,7.86,8.06,7.85,7.95,7.97,-0.11,-1.3802,14657673,116449920.93
2016-10-18,'000729,Ñà¾©Æ¡¾Æ,7.97,7.98,7.86,7.91,7.91,0.06,0.7585,10175442,80639367.11
2016-10-17,'000729,Ñà¾©Æ¡¾Æ,7.91,8.05,7.86,8.01,8.02,-0.11,-1.3716,13551558,107802048.61
2016-10-14,'000729,Ñà¾©Æ¡¾Æ,8.02,8.09,7.96,8.07,8.07,-0.05,-0.6196,13054338,104654694.24
2016-10-13,'000729,Ñà¾©Æ¡¾Æ,8.07,8.32,7.73,7.79,7.77,0.3,3.861,38224887,308209618.33
2016-10-12,'000729,Ñà¾©Æ¡¾Æ,7.77,7.83,7.73,7.78,7.81,-0.04,-0.5122,4375728,34000588.54
2016-10-11,'000729,Ñà¾©Æ¡¾Æ,7.81,7.84,7.75,7.81,7.82,-0.01,-0.1279,7657502,59697640.47
2016-10-10,'000729,Ñà¾©Æ¡¾Æ,7.82,7.88,7.75,7.87,7.82,0.0,0.0,8643547,67435046.32
2016-09-30,'000729,Ñà¾©Æ¡¾Æ,7.82,7.82,7.73,7.76,7.78,0.04,0.5141,6119648,47613762.56
2016-09-29,'000729,Ñà¾©Æ¡¾Æ,7.78,7.87,7.77,7.79,7.79,-0.01,-0.1284,6650949,52014161.54
2016-09-28,'000729,Ñà¾©Æ¡¾Æ,7.79,7.84,7.71,7.84,7.79,0.0,0.0,5965582,46362852.95
2016-09-27,'000729,Ñà¾©Æ¡¾Æ,7.79,7.8,7.66,7.69,7.72,0.07,0.9067,6159023,47760629.53
2016-09-26,'000729,Ñà¾©Æ¡¾Æ,7.72,7.94,7.68,7.77,7.77,-0.05,-0.6435,9253908,72488597.1
2016-09-23,'000729,Ñà¾©Æ¡¾Æ,7.77,7.93,7.77,7.81,7.84,-0.07,-0.8929,6362818,50015193.29
2016-09-22,'000729,Ñà¾©Æ¡¾Æ,7.84,7.92,7.72,7.81,7.79,0.05,0.6418,11723670,91817361.25
2016-09-21,'000729,Ñà¾©Æ¡¾Æ,7.79,7.89,7.76,7.86,7.86,-0.07,-0.8906,7354424,57439610.52
2016-09-20,'000729,Ñà¾©Æ¡¾Æ,7.86,7.89,7.67,7.74,7.73,0.13,1.6818,14226254,111241079.24
2016-09-19,'000729,Ñà¾©Æ¡¾Æ,7.73,7.8,7.67,7.72,7.72,0.01,0.1295,9083738,70085845.47
2016-09-14,'000729,Ñà¾©Æ¡¾Æ,7.72,7.76,7.52,7.54,7.56,0.16,2.1164,14210629,109384385.99
2016-09-13,'000729,Ñà¾©Æ¡¾Æ,7.56,7.57,7.47,7.51,7.47,0.09,1.2048,4583224,34475655.87
2016-09-12,'000729,Ñà¾©Æ¡¾Æ,7.47,7.63,7.47,7.49,7.55,-0.08,-1.0596,9611369,72522941.88
2016-09-09,'000729,Ñà¾©Æ¡¾Æ,7.55,7.65,7.53,7.63,7.64,-0.09,-1.178,4859565,36988532.19
2016-09-08,'000729,Ñà¾©Æ¡¾Æ,7.64,7.65,7.57,7.62,7.61,0.03,0.3942,6605722,50359481.22
2016-09-07,'000729,Ñà¾©Æ¡¾Æ,7.61,7.64,7.55,7.58,7.59,0.02,0.2635,8267110,62868307.58
2016-09-06,'000729,Ñà¾©Æ¡¾Æ,7.59,7.61,7.45,7.51,7.53,0.06,0.7968,8370008,63210844.71
2016-09-05,'000729,Ñà¾©Æ¡¾Æ,7.53,7.54,7.46,7.51,7.51,0.02,0.2663,5521502,41445677.49
2016-09-02,'000729,Ñà¾©Æ¡¾Æ,7.51,7.51,7.42,7.42,7.44,0.07,0.9409,7736180,57853056.6
2016-09-01,'000729,Ñà¾©Æ¡¾Æ,7.44,7.52,7.41,7.47,7.47,-0.03,-0.4016,6251024,46657943.97
2016-08-31,'000729,Ñà¾©Æ¡¾Æ,7.47,7.47,7.35,7.41,7.46,0.01,0.134,9244369,68426186.62
2016-08-30,'000729,Ñà¾©Æ¡¾Æ,7.46,7.47,7.41,7.43,7.43,0.03,0.4038,3475648,25848552.35
2016-08-29,'000729,Ñà¾©Æ¡¾Æ,7.43,7.5,7.4,7.5,7.5,-0.07,-0.9333,6244747,46418554.54
2016-08-26,'000729,Ñà¾©Æ¡¾Æ,7.5,7.57,7.48,7.48,7.48,0.02,0.2674,4043785,30408017.02
2016-08-25,'000729,Ñà¾©Æ¡¾Æ,7.48,7.55,7.45,7.54,7.54,-0.06,-0.7958,4429297,33128143.84
2016-08-24,'000729,Ñà¾©Æ¡¾Æ,7.54,7.65,7.53,7.63,7.62,-0.08,-1.0499,4423559,33543782.05
2016-08-23,'000729,Ñà¾©Æ¡¾Æ,7.62,7.68,7.55,7.64,7.64,-0.02,-0.2618,5709831,43467322.37
2016-08-22,'000729,Ñà¾©Æ¡¾Æ,7.64,7.71,7.57,7.71,7.71,-0.07,-0.9079,6366456,48573634.15
2016-08-19,'000729,Ñà¾©Æ¡¾Æ,7.71,7.72,7.64,7.7,7.67,0.04,0.5215,6913834,53117736.39
2016-08-18,'000729,Ñà¾©Æ¡¾Æ,7.67,7.73,7.64,7.73,7.7,-0.03,-0.3896,7987571,61317519.35
2016-08-17,'000729,Ñà¾©Æ¡¾Æ,7.7,7.76,7.68,7.73,7.7,0.0,0.0,7382120,56922847.57
2016-08-16,'000729,Ñà¾©Æ¡¾Æ,7.7,7.75,7.63,7.67,7.69,0.01,0.13,9348216,71931986.98
2016-08-15,'000729,Ñà¾©Æ¡¾Æ,7.69,7.72,7.54,7.58,7.58,0.11,1.4512,15193782,116120663.37
2016-08-12,'000729,Ñà¾©Æ¡¾Æ,7.58,7.59,7.42,7.45,7.44,0.14,1.8817,7293246,54889636.96
2016-08-11,'000729,Ñà¾©Æ¡¾Æ,7.44,7.52,7.44,7.47,7.49,-0.05,-0.6676,4254200,31852265.54
2016-08-10,'000729,Ñà¾©Æ¡¾Æ,7.49,7.69,7.48,7.51,7.52,-0.03,-0.3989,5515686,41548924.26
2016-08-09,'000729,Ñà¾©Æ¡¾Æ,7.52,7.54,7.42,7.45,7.5,0.02,0.2667,6361256,47642684.1
2016-08-08,'000729,Ñà¾©Æ¡¾Æ,7.5,7.5,7.34,7.38,7.4,0.1,1.3514,7907925,58629756.22
2016-08-05,'000729,Ñà¾©Æ¡¾Æ,7.4,7.42,7.36,7.4,7.38,0.02,0.271,5659100,41849076.04
2016-08-04,'000729,Ñà¾©Æ¡¾Æ,7.38,7.4,7.33,7.38,7.37,0.01,0.1357,5628740,41478787.13
2016-08-03,'000729,Ñà¾©Æ¡¾Æ,7.37,7.38,7.29,7.34,7.34,0.03,0.4087,3945823,28986947.63
2016-08-02,'000729,Ñà¾©Æ¡¾Æ,7.34,7.38,7.25,7.29,7.31,0.03,0.4104,4817280,35177548.31
2016-08-01,'000729,Ñà¾©Æ¡¾Æ,7.31,7.42,7.19,7.42,7.42,-0.11,-1.4825,9329110,67839149.8
2016-07-29,'000729,Ñà¾©Æ¡¾Æ,7.42,7.51,7.4,7.49,7.49,-0.07,-0.9346,7398901,55077573.44
2016-07-28,'000729,Ñà¾©Æ¡¾Æ,7.49,7.57,7.4,7.48,7.54,-0.05,-0.6631,12777778,95588716.75
2016-07-27,'000729,Ñà¾©Æ¡¾Æ,7.54,7.79,7.4,7.76,7.75,-0.21,-2.7097,15243668,115846935.94
2016-07-26,'000729,Ñà¾©Æ¡¾Æ,7.75,7.75,7.61,7.63,7.63,0.12,1.5727,6238873,47968280.85
2016-07-25,'000729,Ñà¾©Æ¡¾Æ,7.63,7.68,7.6,7.63,7.63,0.0,0.0,5041950,38487408.77
2016-07-22,'000729,Ñà¾©Æ¡¾Æ,7.63,7.73,7.63,7.68,7.68,-0.05,-0.651,8255100,63321490.12
2016-07-21,'000729,Ñà¾©Æ¡¾Æ,7.68,7.74,7.65,7.69,7.66,0.02,0.2611,7648069,58915891.63
2016-07-20,'000729,Ñà¾©Æ¡¾Æ,7.73,7.75,7.68,7.72,7.69,0.04,0.5202,8972673,69234014.31
2016-07-19,'000729,Ñà¾©Æ¡¾Æ,7.69,7.77,7.65,7.73,7.72,-0.03,-0.3886,7873883,60563601.9
2016-07-18,'000729,Ñà¾©Æ¡¾Æ,7.72,7.86,7.72,7.8,7.84,-0.12,-1.5306,8237971,64082375.08
2016-07-15,'000729,Ñà¾©Æ¡¾Æ,7.84,7.86,7.75,7.82,7.82,0.02,0.2558,8655333,67576508.78
2016-07-14,'000729,Ñà¾©Æ¡¾Æ,7.82,7.93,7.78,7.89,7.89,-0.07,-0.8872,11403077,89346709.66
2016-07-13,'000729,Ñà¾©Æ¡¾Æ,7.89,7.93,7.83,7.9,7.89,0.0,0.0,16590166,130696498.41
2016-07-12,'000729,Ñà¾©Æ¡¾Æ,7.89,7.93,7.74,7.79,7.81,0.08,1.0243,18414647,144582086.87
2016-07-11,'000729,Ñà¾©Æ¡¾Æ,7.81,7.94,7.64,7.67,7.69,0.12,1.5605,23495166,182672814.53
2016-07-08,'000729,Ñà¾©Æ¡¾Æ,7.69,7.82,7.67,7.73,7.74,-0.05,-0.646,15176443,117466274.53
2016-07-07,'000729,Ñà¾©Æ¡¾Æ,7.74,7.87,7.64,7.82,7.82,-0.08,-1.023,17512074,135424152.9
2016-07-06,'000729,Ñà¾©Æ¡¾Æ,7.82,7.89,7.62,7.66,7.66,0.16,2.0888,18932227,147083922.3
2016-07-05,'000729,Ñà¾©Æ¡¾Æ,7.66,7.69,7.61,7.64,7.64,0.02,0.2618,8252450,63142301.98
2016-07-04,'000729,Ñà¾©Æ¡¾Æ,7.64,7.65,7.5,7.57,7.58,0.06,0.7916,10551353,80347067.44
2016-07-01,'000729,Ñà¾©Æ¡¾Æ,7.58,7.64,7.47,7.59,7.59,-0.01,-0.1318,7902062,59659970.16
2016-06-30,'000729,Ñà¾©Æ¡¾Æ,7.59,7.68,7.55,7.58,7.58,0.01,0.1319,6610076,50329540.11
2016-06-29,'000729,Ñà¾©Æ¡¾Æ,7.58,7.64,7.49,7.57,7.56,0.02,0.2646,7468750,56476450.23
2016-06-28,'000729,Ñà¾©Æ¡¾Æ,7.56,7.58,7.42,7.46,7.51,0.05,0.6658,6747567,50754603.86
2016-06-27,'000729,Ñà¾©Æ¡¾Æ,7.51,7.53,7.3,7.37,7.4,0.11,1.4865,8501101,63534988.85
2016-06-24,'000729,Ñà¾©Æ¡¾Æ,7.4,7.6,7.17,7.57,7.55,-0.15,-1.9868,12222648,91165681.3
2016-06-23,'000729,Ñà¾©Æ¡¾Æ,7.55,7.63,7.52,7.62,7.64,-0.09,-1.178,6916782,52325425.21
2016-06-22,'000729,Ñà¾©Æ¡¾Æ,7.64,7.65,7.54,7.61,7.6,0.04,0.5263,8804928,66876189.45
2016-06-21,'000729,Ñà¾©Æ¡¾Æ,7.6,7.72,7.5,7.66,7.62,-0.02,-0.2625,9103671,69422026.0
2016-06-20,'000729,Ñà¾©Æ¡¾Æ,7.62,7.74,7.5,7.7,7.72,-0.1,-1.2953,12124071,91874734.09
2016-06-17,'000729,Ñà¾©Æ¡¾Æ,7.72,7.85,7.67,7.7,7.7,0.02,0.2597,12875513,100086475.06
2016-06-16,'000729,Ñà¾©Æ¡¾Æ,7.7,7.83,7.66,7.83,7.83,-0.13,-1.6603,17252823,133116592.91
2016-06-15,'000729,Ñà¾©Æ¡¾Æ,7.83,7.9,7.6,7.63,7.77,0.06,0.7722,19617263,153136822.31
2016-06-14,'000729,Ñà¾©Æ¡¾Æ,7.77,7.77,7.54,7.65,7.7,0.07,0.9091,12360984,94687224.72
2016-06-13,'000729,Ñà¾©Æ¡¾Æ,7.7,7.98,7.66,7.72,7.81,-0.11,-1.4085,19518888,152843256.44
2016-06-08,'000729,Ñà¾©Æ¡¾Æ,7.81,7.97,7.71,7.97,7.97,-0.16,-2.0075,18977506,148048413.03
2016-06-07,'000729,Ñà¾©Æ¡¾Æ,7.97,8.03,7.93,8.03,8.05,-0.08,-0.9938,11084016,88377881.51
2016-06-06,'000729,Ñà¾©Æ¡¾Æ,8.05,8.08,7.92,8.01,8.12,-0.07,-0.8621,16192963,129305532.75
2016-06-03,'000729,Ñà¾©Æ¡¾Æ,8.12,8.41,7.99,8.11,8.12,0.0,0.0,29875755,244626718.88
2016-06-02,'000729,Ñà¾©Æ¡¾Æ,8.12,8.12,7.94,8.05,8.1,0.02,0.2469,15834193,127228631.34
2016-06-01,'000729,Ñà¾©Æ¡¾Æ,8.1,8.12,7.91,7.98,8.01,0.09,1.1236,23402680,187936342.4
2016-05-31,'000729,Ñà¾©Æ¡¾Æ,8.01,8.01,7.65,7.69,7.69,0.32,4.1612,19813966,156433448.1
2016-05-30,'000729,Ñà¾©Æ¡¾Æ,7.69,7.96,7.62,7.74,7.77,-0.08,-1.0296,13809130,107622373.28
2016-05-27,'000729,Ñà¾©Æ¡¾Æ,7.77,7.91,7.53,7.56,7.58,0.19,2.5066,15059219,116711278.69
2016-05-26,'000729,Ñà¾©Æ¡¾Æ,7.58,7.69,7.39,7.69,7.66,-0.08,-1.0444,13140872,98804127.25
2016-05-25,'000729,Ñà¾©Æ¡¾Æ,7.66,7.9,7.61,7.9,7.82,-0.16,-2.046,13502490,104353659.31
2016-05-24,'000729,Ñà¾©Æ¡¾Æ,7.82,7.98,7.78,7.87,7.89,-0.07,-0.8872,11688844,91892533.31
2016-05-23,'000729,Ñà¾©Æ¡¾Æ,7.89,7.93,7.77,7.86,7.88,0.01,0.1269,14240106,111642627.74
2016-05-20,'000729,Ñà¾©Æ¡¾Æ,7.88,7.9,7.68,7.9,7.95,-0.07,-0.8805,14608817,113734340.81
2016-05-19,'000729,Ñà¾©Æ¡¾Æ,7.95,8.03,7.84,7.93,7.92,0.03,0.3788,14230131,112751206.17
2016-05-18,'000729,Ñà¾©Æ¡¾Æ,7.92,8.15,7.7,7.83,7.92,0.0,0.0,30481794,242792694.07
2016-05-17,'000729,Ñà¾©Æ¡¾Æ,7.92,8.18,7.82,8.01,8.1,-0.18,-2.2222,36005079,288569892.46
2016-05-16,'000729,Ñà¾©Æ¡¾Æ,8.1,8.14,7.64,7.88,7.95,0.15,1.8868,30360834,238887237.44
2016-05-13,'000729,Ñà¾©Æ¡¾Æ,7.95,8.18,7.77,7.87,7.95,0.0,0.0,40881180,327058284.4
2016-05-12,'000729,Ñà¾©Æ¡¾Æ,7.95,8.05,7.76,8.0,8.11,-0.16,-1.9729,49400053,390116850.83
2016-05-11,'000729,Ñà¾©Æ¡¾Æ,8.11,8.11,7.31,7.31,7.37,0.74,10.0407,43552007,346768248.0
2016-05-10,'000729,Ñà¾©Æ¡¾Æ,7.37,7.45,7.02,7.09,7.06,0.31,4.3909,20541828,149625158.95
2016-05-09,'000729,Ñà¾©Æ¡¾Æ,7.06,7.31,7.0,7.09,7.13,-0.07,-0.9818,13643012,97660319.71
2016-05-06,'000729,Ñà¾©Æ¡¾Æ,7.13,7.35,7.11,7.34,7.3,-0.17,-2.3288,10403172,75184262.28
2016-05-05,'000729,Ñà¾©Æ¡¾Æ,7.3,7.43,7.25,7.3,7.33,-0.03,-0.4093,13226109,96974867.21
2016-05-04,'000729,Ñà¾©Æ¡¾Æ,7.33,7.43,7.25,7.4,7.4,-0.07,-0.9459,12609338,92361024.88
2016-05-03,'000729,Ñà¾©Æ¡¾Æ,7.4,7.5,7.07,7.11,7.13,0.27,3.7868,25261931,185939983.47
2016-04-29,'000729,Ñà¾©Æ¡¾Æ,7.13,7.2,6.97,7.0,7.01,0.12,1.7118,19764313,140311424.59
2016-04-28,'000729,Ñà¾©Æ¡¾Æ,7.01,7.05,6.97,7.0,6.99,0.02,0.2861,8379863,58785583.25
2016-04-27,'000729,Ñà¾©Æ¡¾Æ,6.99,7.02,6.92,6.95,6.95,0.04,0.5755,7065361,49388586.5
2016-04-26,'000729,Ñà¾©Æ¡¾Æ,6.95,6.97,6.86,6.93,6.89,0.06,0.8708,6356750,43958671.46
2016-04-25,'000729,Ñà¾©Æ¡¾Æ,6.89,7.0,6.84,6.88,6.88,0.01,0.1453,7275464,50164402.46
2016-04-22,'000729,Ñà¾©Æ¡¾Æ,6.88,6.96,6.84,6.92,6.93,-0.05,-0.7215,13047813,89924760.69
2016-04-21,'000729,Ñà¾©Æ¡¾Æ,6.93,7.02,6.91,6.97,6.97,-0.04,-0.5739,5365638,37328593.2
2016-04-20,'000729,Ñà¾©Æ¡¾Æ,6.97,7.2,6.87,7.17,7.16,-0.19,-2.6536,12173686,85437530.24
2016-04-19,'000729,Ñà¾©Æ¡¾Æ,7.16,7.2,7.1,7.19,7.15,0.01,0.1399,5335646,38141522.97
2016-04-18,'000729,Ñà¾©Æ¡¾Æ,7.15,7.23,7.12,7.23,7.25,-0.1,-1.3793,5873422,42035712.56
2016-04-15,'000729,Ñà¾©Æ¡¾Æ,7.25,7.29,7.2,7.26,7.29,-0.04,-0.5487,7719835,55877603.05
2016-04-14,'000729,Ñà¾©Æ¡¾Æ,7.29,7.31,7.22,7.28,7.24,0.05,0.6906,5707138,41410365.98
2016-04-13,'000729,Ñà¾©Æ¡¾Æ,7.24,7.38,7.14,7.17,7.14,0.1,1.4006,20787857,151162603.72
2016-04-12,'000729,Ñà¾©Æ¡¾Æ,7.14,7.18,7.11,7.14,7.17,-0.03,-0.4184,5877374,41970480.65
2016-04-11,'000729,Ñà¾©Æ¡¾Æ,7.17,7.18,7.05,7.05,7.02,0.15,2.1368,10207421,72996057.55
2016-04-08,'000729,Ñà¾©Æ¡¾Æ,7.02,7.14,6.95,7.08,7.11,-0.09,-1.2658,9561468,67301007.4
2016-04-07,'000729,Ñà¾©Æ¡¾Æ,7.11,7.21,7.1,7.2,7.18,-0.07,-0.9749,11053370,79158568.24
2016-04-06,'000729,Ñà¾©Æ¡¾Æ,7.18,7.23,7.14,7.18,7.24,-0.06,-0.8287,16290481,116973209.62
2016-04-05,'000729,Ñà¾©Æ¡¾Æ,7.24,7.3,7.15,7.15,7.18,0.06,0.8357,17419535,125853702.52
2016-04-01,'000729,Ñà¾©Æ¡¾Æ,7.18,7.35,7.1,7.35,7.35,-0.17,-2.3129,13822130,98914601.14
2016-03-31,'000729,Ñà¾©Æ¡¾Æ,7.35,7.4,7.29,7.31,7.31,0.04,0.5472,6649857,48911057.83
2016-03-30,'000729,Ñà¾©Æ¡¾Æ,7.31,7.33,7.15,7.2,7.13,0.18,2.5245,7808748,56507149.04
2016-03-29,'000729,Ñà¾©Æ¡¾Æ,7.13,7.26,7.1,7.24,7.25,-0.12,-1.6552,6345390,45468441.09
2016-03-28,'000729,Ñà¾©Æ¡¾Æ,7.25,7.47,7.15,7.18,7.17,0.08,1.1158,15091231,110310947.57
2016-03-25,'000729,Ñà¾©Æ¡¾Æ,7.17,7.2,7.06,7.08,7.07,0.1,1.4144,7282245,51990270.82
2016-03-24,'000729,Ñà¾©Æ¡¾Æ,7.07,7.19,7.07,7.15,7.2,-0.13,-1.8056,7553825,53956735.65
2016-03-23,'000729,Ñà¾©Æ¡¾Æ,7.2,7.21,7.14,7.17,7.2,0.0,0.0,8502145,60991824.3
2016-03-22,'000729,Ñà¾©Æ¡¾Æ,7.2,7.25,7.12,7.15,7.19,0.01,0.1391,13482179,96994638.34
2016-03-21,'000729,Ñà¾©Æ¡¾Æ,7.19,7.21,7.09,7.15,7.1,0.09,1.2676,17602170,125943899.21
2016-03-18,'000729,Ñà¾©Æ¡¾Æ,7.1,7.18,6.97,6.99,6.99,0.11,1.5737,23512795,166392735.13
2016-03-17,'000729,Ñà¾©Æ¡¾Æ,6.99,7.04,6.88,6.95,6.93,0.06,0.8658,13985867,97592154.48
2016-03-16,'000729,Ñà¾©Æ¡¾Æ,6.93,7.02,6.89,6.93,6.96,-0.03,-0.431,6510274,45320142.05
2016-03-15,'000729,Ñà¾©Æ¡¾Æ,6.96,6.97,6.87,6.89,6.94,0.02,0.2882,5594969,38735703.1
2016-03-14,'000729,Ñà¾©Æ¡¾Æ,6.94,7.02,6.77,6.83,6.77,0.17,2.5111,13327885,92347938.61
2016-03-11,'000729,Ñà¾©Æ¡¾Æ,6.77,6.81,6.64,6.73,6.77,0.0,0.0,5764657,38854417.48
2016-03-10,'000729,Ñà¾©Æ¡¾Æ,6.77,6.89,6.75,6.79,6.79,-0.02,-0.2946,4291688,29262602.18
2016-03-09,'000729,Ñà¾©Æ¡¾Æ,6.79,6.89,6.74,6.81,6.9,-0.11,-1.5942,7842475,53488173.89
2016-03-08,'000729,Ñà¾©Æ¡¾Æ,6.9,6.97,6.74,6.94,6.97,-0.07,-1.0043,10827710,74226454.16
2016-03-07,'000729,Ñà¾©Æ¡¾Æ,6.97,6.98,6.83,6.83,6.8,0.17,2.5,13385396,92450656.86
2016-03-04,'000729,Ñà¾©Æ¡¾Æ,6.8,6.95,6.71,6.91,6.85,-0.05,-0.7299,16322965,111077611.26
2016-03-03,'000729,Ñà¾©Æ¡¾Æ,6.85,6.93,6.78,6.82,6.83,0.02,0.2928,8072724,55405428.53
2016-03-02,'000729,Ñà¾©Æ¡¾Æ,6.83,6.85,6.53,6.58,6.57,0.26,3.9574,10801830,72562977.77
2016-03-01,'000729,Ñà¾©Æ¡¾Æ,6.57,6.62,6.41,6.49,6.5,0.07,1.0769,6700407,43763868.9
2016-02-29,'000729,Ñà¾©Æ¡¾Æ,6.5,6.73,6.34,6.7,6.71,-0.21,-3.1297,10051657,64761594.51
2016-02-26,'000729,Ñà¾©Æ¡¾Æ,6.71,6.77,6.62,6.71,6.69,0.02,0.299,7629082,51133825.05
2016-02-25,'000729,Ñà¾©Æ¡¾Æ,6.69,7.15,6.62,7.15,7.16,-0.47,-6.5642,13958019,96089276.77
2016-02-24,'000729,Ñà¾©Æ¡¾Æ,7.16,7.2,7.03,7.06,7.09,0.07,0.9873,8143470,58065728.1
2016-02-23,'000729,Ñà¾©Æ¡¾Æ,7.09,7.17,7.03,7.06,7.05,0.04,0.5674,15020000,106718620.57
2016-02-22,'000729,Ñà¾©Æ¡¾Æ,7.05,7.08,6.9,6.92,6.86,0.19,2.7697,14357560,100580469.2
2016-02-19,'000729,Ñà¾©Æ¡¾Æ,6.86,6.92,6.82,6.86,6.87,-0.01,-0.1456,7804040,53577740.88
2016-02-18,'000729,Ñà¾©Æ¡¾Æ,6.87,7.02,6.86,6.93,6.92,-0.05,-0.7225,18529213,128351814.7
2016-02-17,'000729,Ñà¾©Æ¡¾Æ,6.92,6.94,6.79,6.83,6.9,0.02,0.2899,17938895,123113062.96
2016-02-16,'000729,Ñà¾©Æ¡¾Æ,6.9,6.9,6.65,6.67,6.65,0.25,3.7594,18622843,126034889.13
2016-02-15,'000729,Ñà¾©Æ¡¾Æ,6.65,6.71,6.52,6.57,6.74,-0.09,-1.3353,7528370,49824049.64
2016-02-05,'000729,Ñà¾©Æ¡¾Æ,6.74,6.91,6.74,6.87,6.87,-0.13,-1.8923,6203518,42258918.69
2016-02-04,'000729,Ñà¾©Æ¡¾Æ,6.87,6.94,6.81,6.83,6.88,-0.01,-0.1453,9716460,66765191.23
2016-02-03,'000729,Ñà¾©Æ¡¾Æ,6.88,6.94,6.62,6.78,6.86,0.02,0.2915,8106161,54459438.11
2016-02-02,'000729,Ñà¾©Æ¡¾Æ,6.86,6.98,6.6,6.68,6.68,0.18,2.6946,6782919,45838116.8
2016-02-01,'000729,Ñà¾©Æ¡¾Æ,6.68,6.72,6.5,6.71,6.72,-0.04,-0.5952,6328611,41998735.05
2016-01-29,'000729,Ñà¾©Æ¡¾Æ,6.72,6.75,6.55,6.55,6.54,0.18,2.7523,12185433,81189572.6
2016-01-28,'000729,Ñà¾©Æ¡¾Æ,6.54,6.64,6.42,6.6,6.6,-0.06,-0.9091,7136186,46916811.87
2016-01-27,'000729,Ñà¾©Æ¡¾Æ,6.6,6.76,6.5,6.71,6.65,-0.05,-0.7519,11694865,77513374.8
2016-01-26,'000729,Ñà¾©Æ¡¾Æ,6.65,7.0,6.56,7.0,7.03,-0.38,-5.4054,6499468,44255336.04
2016-01-25,'000729,Ñà¾©Æ¡¾Æ,7.03,7.08,6.95,7.01,6.96,0.07,1.0057,4699204,33029564.34
2016-01-22,'000729,Ñà¾©Æ¡¾Æ,6.96,7.04,6.85,6.95,6.88,0.08,1.1628,5136485,35656691.31
2016-01-21,'000729,Ñà¾©Æ¡¾Æ,6.88,7.2,6.88,7.02,7.11,-0.23,-3.2349,4580733,32310404.0
2016-01-20,'000729,Ñà¾©Æ¡¾Æ,7.11,7.22,7.05,7.15,7.18,-0.07,-0.9749,4600115,32833331.31
2016-01-19,'000729,Ñà¾©Æ¡¾Æ,7.18,7.19,6.91,6.98,6.99,0.19,2.7182,5879339,41802705.65
2016-01-18,'000729,Ñà¾©Æ¡¾Æ,6.99,7.05,6.84,6.9,6.96,0.03,0.431,4173095,29140547.84
2016-01-15,'000729,Ñà¾©Æ¡¾Æ,6.96,7.23,6.94,7.21,7.21,-0.25,-3.4674,5470280,38673208.94
2016-01-14,'000729,Ñà¾©Æ¡¾Æ,7.21,7.24,6.89,7.0,7.11,0.1,1.4065,8072451,56772211.65
2016-01-13,'000729,Ñà¾©Æ¡¾Æ,7.11,7.32,7.09,7.27,7.25,-0.14,-1.931,6051574,43659052.92
2016-01-12,'000729,Ñà¾©Æ¡¾Æ,7.25,7.37,7.17,7.17,7.19,0.06,0.8345,6106381,44230300.75
2016-01-11,'000729,Ñà¾©Æ¡¾Æ,7.19,7.53,7.16,7.53,7.59,-0.4,-5.2701,14676357,108023087.35
2016-01-08,'000729,Ñà¾©Æ¡¾Æ,7.59,7.79,7.43,7.64,7.5,0.09,1.2,11614627,88350691.06
2016-01-07,'000729,Ñà¾©Æ¡¾Æ,7.5,7.86,7.48,7.86,7.91,-0.41,-5.1833,1780624,13593014.2
2016-01-06,'000729,Ñà¾©Æ¡¾Æ,7.91,7.92,7.73,7.75,7.78,0.13,1.671,5946007,46643468.15
2016-01-05,'000729,Ñà¾©Æ¡¾Æ,7.78,7.89,7.51,7.6,7.72,0.06,0.7772,10950241,84701564.96
2016-01-04,'000729,Ñà¾©Æ¡¾Æ,7.72,8.23,7.68,8.23,8.23,-0.51,-6.1968,6032727,48319650.27
2015-12-31,'000729,Ñà¾©Æ¡¾Æ,8.23,8.32,8.22,8.29,8.3,-0.07,-0.8434,4591425,37982237.56
2015-12-30,'000729,Ñà¾©Æ¡¾Æ,8.3,8.35,8.26,8.3,8.35,-0.05,-0.5988,6369514,52855724.16
2015-12-29,'000729,Ñà¾©Æ¡¾Æ,8.35,8.36,8.19,8.24,8.24,0.11,1.335,7722965,63747831.24
2015-12-28,'000729,Ñà¾©Æ¡¾Æ,8.24,8.48,8.24,8.43,8.39,-0.15,-1.7878,10078796,84255130.86
2015-12-25,'000729,Ñà¾©Æ¡¾Æ,8.39,8.52,8.38,8.49,8.48,-0.09,-1.0613,10145850,85559130.74
2015-12-24,'000729,Ñà¾©Æ¡¾Æ,8.48,8.56,8.39,8.43,8.48,0.0,0.0,11391383,96548919.9
2015-12-23,'000729,Ñà¾©Æ¡¾Æ,8.48,8.74,8.42,8.51,8.49,-0.01,-0.1178,19337793,166464185.49
2015-12-22,'000729,Ñà¾©Æ¡¾Æ,8.49,8.57,8.35,8.48,8.49,0.0,0.0,12889950,108801076.08
2015-12-21,'000729,Ñà¾©Æ¡¾Æ,8.49,8.68,7.94,7.94,8.02,0.47,5.8603,38606618,324722555.94
2015-12-18,'000729,Ñà¾©Æ¡¾Æ,8.02,8.13,7.91,8.12,8.11,-0.09,-1.1097,13220194,105923684.21
2015-12-17,'000729,Ñà¾©Æ¡¾Æ,8.11,8.18,8.07,8.15,8.08,0.03,0.3713,13835001,112231739.67
2015-12-16,'000729,Ñà¾©Æ¡¾Æ,8.08,8.18,7.85,7.85,7.85,0.23,2.9299,8708673,69053748.6
2015-12-15,'000729,Ñà¾©Æ¡¾Æ,7.85,7.89,7.81,7.86,7.86,-0.01,-0.1272,4658306,36566762.67
2015-12-14,'000729,Ñà¾©Æ¡¾Æ,7.86,7.9,7.57,7.58,7.63,0.23,3.0144,7984460,61700199.33
2015-12-11,'000729,Ñà¾©Æ¡¾Æ,7.63,7.72,7.57,7.71,7.72,-0.09,-1.1658,6607082,50432435.12
2015-12-10,'000729,Ñà¾©Æ¡¾Æ,7.72,7.85,7.71,7.81,7.81,-0.09,-1.1524,5477082,42642759.15
2015-12-09,'000729,Ñà¾©Æ¡¾Æ,7.81,7.92,7.78,7.83,7.86,-0.05,-0.6361,5593867,43782440.45
2015-12-08,'000729,Ñà¾©Æ¡¾Æ,7.86,7.96,7.85,7.93,8.0,-0.14,-1.75,6089323,48084710.36
2015-12-07,'000729,Ñà¾©Æ¡¾Æ,8.0,8.02,7.89,7.98,7.96,0.04,0.5025,7440530,59299348.84
2015-12-04,'000729,Ñà¾©Æ¡¾Æ,7.96,8.1,7.94,8.08,8.09,-0.13,-1.6069,10668984,85458617.49
2015-12-03,'000729,Ñà¾©Æ¡¾Æ,8.09,8.13,7.98,8.02,8.06,0.03,0.3722,10493529,84779450.5
2015-12-02,'000729,Ñà¾©Æ¡¾Æ,8.06,8.06,7.8,7.88,7.83,0.23,2.9374,10172242,80674178.41
2015-12-01,'000729,Ñà¾©Æ¡¾Æ,7.83,7.94,7.77,7.82,7.81,0.02,0.2561,10680056,83699794.43
2015-11-30,'000729,Ñà¾©Æ¡¾Æ,7.81,7.98,7.56,7.94,7.89,-0.08,-1.0139,10951680,85293075.73
2015-11-27,'000729,Ñà¾©Æ¡¾Æ,7.89,8.38,7.83,8.37,8.38,-0.49,-5.8473,15486675,126176437.24
2015-11-26,'000729,Ñà¾©Æ¡¾Æ,8.38,8.47,8.38,8.45,8.43,-0.05,-0.5931,9215230,77578532.5
2015-11-25,'000729,Ñà¾©Æ¡¾Æ,8.43,8.43,8.37,8.41,8.42,0.01,0.1188,9883255,82981190.01
2015-11-24,'000729,Ñà¾©Æ¡¾Æ,8.42,8.46,8.34,8.45,8.45,-0.03,-0.355,7804533,65542367.0
2015-11-23,'000729,Ñà¾©Æ¡¾Æ,8.45,8.47,8.35,8.43,8.43,0.02,0.2372,9542856,80309121.33
2015-11-20,'000729,Ñà¾©Æ¡¾Æ,8.43,8.5,8.39,8.5,8.5,-0.07,-0.8235,12440031,104811399.78
2015-11-19,'000729,Ñà¾©Æ¡¾Æ,8.5,8.52,8.37,8.45,8.47,0.03,0.3542,12717160,107264545.82
2015-11-18,'000729,Ñà¾©Æ¡¾Æ,8.47,8.58,8.44,8.56,8.57,-0.1,-1.1669,11404013,97012042.65
2015-11-17,'000729,Ñà¾©Æ¡¾Æ,8.57,8.59,8.42,8.44,8.41,0.16,1.9025,19110163,162626791.67
2015-11-16,'000729,Ñà¾©Æ¡¾Æ,8.41,8.42,8.29,8.32,8.41,0.0,0.0,14817797,123651479.36
2015-11-13,'000729,Ñà¾©Æ¡¾Æ,8.41,8.72,8.41,8.62,8.7,-0.29,-3.3333,15920212,135884177.8
2015-11-12,'000729,Ñà¾©Æ¡¾Æ,8.7,8.8,8.63,8.77,8.77,-0.07,-0.7982,14504305,126577004.5
2015-11-11,'000729,Ñà¾©Æ¡¾Æ,8.77,8.81,8.68,8.71,8.73,0.04,0.4582,13338363,116825267.47
2015-11-10,'000729,Ñà¾©Æ¡¾Æ,8.73,8.8,8.64,8.68,8.69,0.04,0.4603,17788445,155329430.04
2015-11-09,'000729,Ñà¾©Æ¡¾Æ,8.69,8.8,8.62,8.78,8.79,-0.1,-1.1377,24947699,217367159.76
2015-11-06,'000729,Ñà¾©Æ¡¾Æ,8.79,8.83,8.72,8.75,8.74,0.05,0.5721,14225638,124895796.65
2015-11-05,'000729,Ñà¾©Æ¡¾Æ,8.74,9.06,8.69,9.01,9.03,-0.29,-3.2115,33975504,299032821.35
2015-11-04,'000729,Ñà¾©Æ¡¾Æ,9.03,9.04,8.75,8.8,8.81,0.22,2.4972,9695704,86628587.78
2015-11-03,'000729,Ñà¾©Æ¡¾Æ,8.81,8.85,8.7,8.83,8.81,0.0,0.0,10798254,94689252.11
2015-11-02,'000729,Ñà¾©Æ¡¾Æ,8.81,8.97,8.71,8.71,8.85,-0.04,-0.452,10841544,95866929.64
2015-10-30,'000729,Ñà¾©Æ¡¾Æ,8.85,8.99,8.72,8.8,8.79,0.06,0.6826,11436451,101548658.65
2015-10-29,'000729,Ñà¾©Æ¡¾Æ,8.79,8.85,8.61,8.68,8.64,0.15,1.7361,10117210,88708866.01
2015-10-28,'000729,Ñà¾©Æ¡¾Æ,8.64,8.8,8.58,8.7,8.75,-0.11,-1.2571,16461257,142928855.38
2015-10-27,'000729,Ñà¾©Æ¡¾Æ,8.75,8.87,8.31,8.5,8.52,0.23,2.6995,21180895,181849015.27
2015-10-26,'000729,Ñà¾©Æ¡¾Æ,8.52,8.58,8.28,8.35,8.26,0.26,3.1477,24929323,210577162.9
2015-10-23,'000729,Ñà¾©Æ¡¾Æ,8.26,8.31,8.01,8.04,8.05,0.21,2.6087,15454941,126787521.1
2015-10-22,'000729,Ñà¾©Æ¡¾Æ,8.05,8.07,7.87,7.89,7.95,0.1,1.2579,10791108,85901060.21
2015-10-21,'000729,Ñà¾©Æ¡¾Æ,7.95,8.23,7.85,8.18,8.19,-0.24,-2.9304,19992332,160737487.28
2015-10-20,'000729,Ñà¾©Æ¡¾Æ,8.19,8.22,8.05,8.14,8.19,0.0,0.0,11440117,93216957.94
2015-10-19,'000729,Ñà¾©Æ¡¾Æ,8.19,8.39,8.14,8.33,8.4,-0.21,-2.5,19640862,162115641.74
2015-10-16,'000729,Ñà¾©Æ¡¾Æ,8.4,8.53,8.03,8.23,8.2,0.2,2.439,28039500,232633802.36
2015-10-15,'000729,Ñà¾©Æ¡¾Æ,8.2,8.22,8.06,8.06,8.07,0.13,1.6109,13881340,113245370.94
2015-10-14,'000729,Ñà¾©Æ¡¾Æ,8.07,8.3,8.03,8.11,8.15,-0.08,-0.9816,16918700,137721691.84
2015-10-13,'000729,Ñà¾©Æ¡¾Æ,8.15,8.17,7.9,7.97,8.04,0.11,1.3682,15104264,121011703.15
2015-10-12,'000729,Ñà¾©Æ¡¾Æ,8.04,8.09,7.78,7.79,7.77,0.27,3.4749,16929076,134975464.17
2015-10-09,'000729,Ñà¾©Æ¡¾Æ,7.77,7.83,7.67,7.71,7.72,0.05,0.6477,7040648,54581746.5
2015-10-08,'000729,Ñà¾©Æ¡¾Æ,7.72,7.98,7.72,7.98,7.58,0.14,1.847,15746970,122801532.66
2015-09-30,'000729,Ñà¾©Æ¡¾Æ,7.58,7.66,7.57,7.59,7.58,0.0,0.0,6149550,46773473.65
2015-09-29,'000729,Ñà¾©Æ¡¾Æ,7.58,7.63,7.5,7.53,7.57,0.01,0.1321,11756903,89089371.66
2015-09-28,'000729,Ñà¾©Æ¡¾Æ,7.57,7.61,7.42,7.51,7.5,0.07,0.9333,6593741,49747923.36
2015-09-25,'000729,Ñà¾©Æ¡¾Æ,7.5,7.68,7.4,7.55,7.61,-0.11,-1.4455,8360245,62863600.48
2015-09-24,'000729,Ñà¾©Æ¡¾Æ,7.61,7.66,7.56,7.58,7.58,0.03,0.3958,6721770,51165008.78
2015-09-23,'000729,Ñà¾©Æ¡¾Æ,7.58,7.67,7.42,7.6,7.68,-0.1,-1.3021,10206068,77168447.06
2015-09-22,'000729,Ñà¾©Æ¡¾Æ,7.68,7.75,7.6,7.66,7.66,0.02,0.2611,11297988,86811966.25
2015-09-21,'000729,Ñà¾©Æ¡¾Æ,7.66,7.68,7.36,7.44,7.48,0.18,2.4064,9990769,75581458.01
2015-09-18,'000729,Ñà¾©Æ¡¾Æ,7.48,7.58,7.4,7.47,7.41,0.07,0.9447,10656253,79608020.56
2015-09-17,'000729,Ñà¾©Æ¡¾Æ,7.41,7.75,7.3,7.36,7.42,-0.01,-0.1348,33736405,254529349.73
2015-09-16,'000729,Ñà¾©Æ¡¾Æ,7.42,7.6,6.81,6.99,6.94,0.48,6.9164,27005050,192473381.43
2015-09-15,'000729,Ñà¾©Æ¡¾Æ,6.94,7.37,6.81,7.36,7.5,-0.56,-7.4667,33439361,233838810.47
2015-09-14,'000729,Ñà¾©Æ¡¾Æ,7.5,8.17,7.35,7.63,7.54,-0.04,-0.5305,40247268,313126467.62
2015-09-11,'000729,Ñà¾©Æ¡¾Æ,7.54,7.74,7.45,7.68,7.66,-0.12,-1.5666,12832495,96906268.19
2015-09-10,'000729,Ñà¾©Æ¡¾Æ,7.66,7.89,7.61,7.8,7.95,-0.29,-3.6478,14093514,109565322.68
2015-09-09,'000729,Ñà¾©Æ¡¾Æ,7.95,8.04,7.73,7.81,7.8,0.15,1.9231,26997117,213379578.47
2015-09-08,'000729,Ñà¾©Æ¡¾Æ,7.8,7.85,7.33,7.54,7.64,0.16,2.0942,15110515,114761229.58
2015-09-07,'000729,Ñà¾©Æ¡¾Æ,7.64,8.14,7.6,7.75,7.85,-0.21,-2.6752,23867807,187569784.25
2015-09-02,'000729,Ñà¾©Æ¡¾Æ,7.85,8.0,7.07,7.2,7.5,0.35,4.6667,66032676,505889503.37
2015-09-01,'000729,Ñà¾©Æ¡¾Æ,7.5,7.55,7.0,7.38,7.55,-0.05,-0.6623,55987255,410624844.06
2015-08-31,'000729,Ñà¾©Æ¡¾Æ,7.55,7.55,7.1,7.45,7.6,-0.05,-0.6579,43090999,316640805.75
2015-08-28,'000729,Ñà¾©Æ¡¾Æ,7.6,7.78,7.25,7.44,7.37,0.23,3.1208,55268326,411778731.08
2015-08-27,'000729,Ñà¾©Æ¡¾Æ,7.37,7.37,7.0,7.06,6.94,0.43,6.196,32634446,235230092.31
2015-08-26,'000729,Ñà¾©Æ¡¾Æ,6.94,7.37,6.75,7.0,6.83,0.11,1.6105,36497398,258151082.41
2015-08-25,'000729,Ñà¾©Æ¡¾Æ,6.83,7.4,6.6,6.6,7.27,-0.44,-6.0523,64948626,445420361.25
2015-08-24,'000729,Ñà¾©Æ¡¾Æ,7.27,7.89,7.27,7.75,8.08,-0.81,-10.0248,36348187,267254980.99
2015-08-21,'000729,Ñà¾©Æ¡¾Æ,8.08,8.77,8.0,8.77,8.8,-0.72,-8.1818,36980840,308440500.94
2015-08-20,'000729,Ñà¾©Æ¡¾Æ,8.8,9.34,8.7,9.1,9.18,-0.38,-4.1394,34331378,311093713.18
2015-08-19,'000729,Ñà¾©Æ¡¾Æ,9.18,9.25,8.5,8.57,8.88,0.3,3.3784,39897588,354467433.96
2015-08-18,'000729,Ñà¾©Æ¡¾Æ,8.88,10.18,8.84,9.89,9.82,-0.94,-9.5723,63386626,612055543.6
2015-08-17,'000729,Ñà¾©Æ¡¾Æ,9.82,9.82,9.5,9.72,9.76,0.06,0.6148,34205979,330826900.16
2015-08-14,'000729,Ñà¾©Æ¡¾Æ,9.76,9.97,9.6,9.72,9.7,0.06,0.6186,53819637,525362699.77
2015-08-13,'000729,Ñà¾©Æ¡¾Æ,9.7,9.8,9.3,9.73,9.77,-0.07,-0.7165,41477085,396746719.93
2015-08-12,'000729,Ñà¾©Æ¡¾Æ,9.77,10.07,9.41,9.5,9.61,0.16,1.6649,47945132,473001666.4
2015-08-11,'000729,Ñà¾©Æ¡¾Æ,9.61,9.8,9.5,9.78,9.78,-0.17,-1.7382,38851816,375458578.77
2015-08-10,'000729,Ñà¾©Æ¡¾Æ,9.78,9.92,9.4,9.49,9.44,0.34,3.6017,47787691,465297059.71
2015-08-07,'000729,Ñà¾©Æ¡¾Æ,9.44,9.59,9.33,9.33,9.23,0.21,2.2752,30783833,291081103.95
2015-08-06,'000729,Ñà¾©Æ¡¾Æ,9.23,9.5,9.1,9.3,9.58,-0.35,-3.6534,35359369,328744325.17
2015-08-05,'000729,Ñà¾©Æ¡¾Æ,9.58,9.93,9.51,9.8,10.03,-0.45,-4.4865,58256305,566790773.62
2015-08-04,'000729,Ñà¾©Æ¡¾Æ,10.03,10.28,9.23,9.85,9.77,0.26,2.6612,93436856,914485123.83
2015-08-03,'000729,Ñà¾©Æ¡¾Æ,9.77,9.77,8.71,8.78,8.88,0.89,10.0225,91060478,846390659.47
2015-07-31,'000729,Ñà¾©Æ¡¾Æ,8.88,8.88,8.38,8.48,8.55,0.33,3.8596,35965090,313340832.48
2015-07-30,'000729,Ñà¾©Æ¡¾Æ,8.55,9.06,8.52,8.7,8.82,-0.27,-3.0612,43864650,386141985.16
2015-07-29,'000729,Ñà¾©Æ¡¾Æ,8.82,8.84,8.05,8.34,8.21,0.61,7.43,43262189,362329684.84
2015-07-28,'000729,Ñà¾©Æ¡¾Æ,8.21,8.25,7.5,7.82,7.98,0.23,2.8822,58949052,470695275.54
2015-07-27,'000729,Ñà¾©Æ¡¾Æ,7.98,9.07,7.94,8.63,8.82,-0.84,-9.5238,64040504,552328690.93
2015-07-24,'000729,Ñà¾©Æ¡¾Æ,8.82,9.2,8.78,9.04,9.04,-0.22,-2.4336,57086000,512330484.05
2015-07-23,'000729,Ñà¾©Æ¡¾Æ,9.04,9.06,8.71,8.81,8.77,0.27,3.0787,52412370,467736940.55
2015-07-22,'000729,Ñà¾©Æ¡¾Æ,8.77,8.91,8.51,8.91,8.89,-0.12,-1.3498,35799224,312880389.24
2015-07-21,'000729,Ñà¾©Æ¡¾Æ,8.89,8.97,8.55,8.7,8.84,0.05,0.5656,36321467,320253443.3
2015-07-20,'000729,Ñà¾©Æ¡¾Æ,8.84,9.05,8.65,8.86,8.85,-0.01,-0.113,49106283,434730154.64
2015-07-17,'000729,Ñà¾©Æ¡¾Æ,8.85,8.91,8.3,8.37,8.3,0.55,6.6265,41606673,359027915.69
2015-07-16,'000729,Ñà¾©Æ¡¾Æ,8.3,8.56,7.8,8.12,8.12,0.18,2.2167,39633884,326522488.78
2015-07-15,'000729,Ñà¾©Æ¡¾Æ,8.12,8.86,8.12,8.64,9.02,-0.9,-9.9778,49358372,416170855.92
2015-07-14,'000729,Ñà¾©Æ¡¾Æ,9.02,9.48,8.9,9.0,9.43,-0.41,-4.3478,89363404,816705147.95
2015-07-13,'000729,Ñà¾©Æ¡¾Æ,9.43,9.43,8.6,8.87,8.57,0.86,10.035,101398285,923853534.25
2015-07-10,'000729,Ñà¾©Æ¡¾Æ,8.57,8.57,7.83,8.05,7.79,0.78,10.0128,80627623,683198179.73
2015-07-09,'000729,Ñà¾©Æ¡¾Æ,7.79,7.79,7.08,7.08,7.08,0.71,10.0282,57002550,430174264.47
2015-07-08,'000729,Ñà¾©Æ¡¾Æ,7.08,7.5,6.93,6.93,7.7,-0.62,-8.0519,124535630,889204936.23
2015-07-07,'000729,Ñà¾©Æ¡¾Æ,7.7,8.03,7.35,7.86,8.17,-0.47,-5.7528,86599006,660728513.41
2015-07-06,'000729,Ñà¾©Æ¡¾Æ,8.17,8.68,7.14,8.68,7.89,0.28,3.5488,79497012,637152010.83
2015-07-03,'000729,Ñà¾©Æ¡¾Æ,7.89,8.8,7.65,8.4,8.5,-0.61,-7.1765,65360940,532270842.56
2015-07-02,'000729,Ñà¾©Æ¡¾Æ,8.5,9.69,8.46,9.39,9.4,-0.9,-9.5745,79631318,721239354.35
2015-07-01,'000729,Ñà¾©Æ¡¾Æ,9.4,10.5,9.36,10.3,10.4,-1.0,-9.6154,54135785,546054638.18
2015-06-30,'000729,Ñà¾©Æ¡¾Æ,10.4,10.58,9.02,9.69,9.7,0.7,7.2165,60306592,595485844.24
2015-06-29,'000729,Ñà¾©Æ¡¾Æ,9.7,11.01,9.48,11.0,10.53,-0.83,-7.8822,71031493,718797746.44
2015-06-26,'000729,Ñà¾©Æ¡¾Æ,10.53,11.54,10.52,11.33,11.69,-1.16,-9.923,70985856,777222293.42
2015-06-25,'000729,Ñà¾©Æ¡¾Æ,11.69,12.45,11.55,12.45,12.34,-0.65,-5.2674,61036768,736554844.41
2015-06-24,'000729,Ñà¾©Æ¡¾Æ,12.34,12.35,11.82,12.03,11.92,0.42,3.5235,68808842,831567569.86
2015-06-23,'000729,Ñà¾©Æ¡¾Æ,12.0,12.0,10.63,11.2,11.26,0.74,6.5719,51840997,590129889.59
2015-06-19,'000729,Ñà¾©Æ¡¾Æ,11.26,12.08,11.09,11.61,11.84,-0.58,-4.8986,52356787,609454530.39
2015-06-18,'000729,Ñà¾©Æ¡¾Æ,11.84,12.4,11.8,12.0,12.0,-0.16,-1.3333,58390266,710185282.31
2015-06-17,'000729,Ñà¾©Æ¡¾Æ,12.0,12.18,11.48,12.0,12.1,-0.1,-0.8264,57489018,678997376.28
2015-06-16,'000729,Ñà¾©Æ¡¾Æ,12.1,12.68,11.99,12.67,12.74,-0.64,-5.0235,51497209,632570119.08
2015-06-15,'000729,Ñà¾©Æ¡¾Æ,12.74,13.26,12.63,12.63,12.61,0.13,1.0309,91795982,1185325680.58
2015-06-12,'000729,Ñà¾©Æ¡¾Æ,12.61,12.67,12.28,12.5,12.34,0.27,2.188,79749122,995812935.75
2015-06-11,'000729,Ñà¾©Æ¡¾Æ,12.34,12.4,12.18,12.23,12.29,0.05,0.4068,51928945,638689097.35
2015-06-10,'000729,Ñà¾©Æ¡¾Æ,12.29,12.47,11.9,12.07,12.15,0.14,1.1523,64897804,795214367.56
2015-06-09,'000729,Ñà¾©Æ¡¾Æ,12.15,12.52,12.02,12.4,12.5,-0.35,-2.8,64801609,791927076.56
2015-06-08,'000729,Ñà¾©Æ¡¾Æ,12.5,12.85,12.26,12.78,12.78,-0.28,-2.1909,80444238,1002224072.55
2015-06-05,'000729,Ñà¾©Æ¡¾Æ,12.78,13.0,12.33,12.65,12.6,0.18,1.4286,91232402,1155790593.77
2015-06-04,'000729,Ñà¾©Æ¡¾Æ,12.6,12.83,11.58,12.7,12.68,-0.08,-0.6309,79980993,982989299.75
2015-06-03,'000729,Ñà¾©Æ¡¾Æ,12.68,12.85,12.12,12.32,12.3,0.38,3.0894,101051295,1265751657.18
2015-06-02,'000729,Ñà¾©Æ¡¾Æ,12.3,12.43,11.61,11.88,11.85,0.45,3.7975,95716084,1146421220.4
2015-06-01,'000729,Ñà¾©Æ¡¾Æ,11.85,11.92,11.19,11.25,11.26,0.59,5.2398,66690517,776938850.44
2015-05-29,'000729,Ñà¾©Æ¡¾Æ,11.26,11.32,10.41,10.88,10.88,0.38,3.4926,63027435,696030294.7
2015-05-28,'000729,Ñà¾©Æ¡¾Æ,10.88,12.15,10.86,11.75,11.88,-1.0,-8.4175,84051716,985015254.89
2015-05-27,'000729,Ñà¾©Æ¡¾Æ,11.88,12.15,11.71,12.08,12.08,-0.2,-1.6556,69494363,823930688.89
2015-05-26,'000729,Ñà¾©Æ¡¾Æ,12.08,12.15,11.54,11.7,11.66,0.42,3.6021,84418739,1002834589.63
2015-05-25,'000729,Ñà¾©Æ¡¾Æ,11.66,11.85,11.31,11.35,11.43,0.23,2.0122,69997334,813971519.79
2015-05-22,'000729,Ñà¾©Æ¡¾Æ,11.43,11.56,11.21,11.37,11.31,0.12,1.061,69408826,789513806.26
2015-05-21,'000729,Ñà¾©Æ¡¾Æ,11.31,11.55,11.11,11.29,11.31,0.0,0.0,53360887,602858125.09
2015-05-20,'000729,Ñà¾©Æ¡¾Æ,11.31,11.68,10.85,10.93,10.94,0.37,3.3821,82344645,916956056.07
2015-05-19,'000729,Ñà¾©Æ¡¾Æ,10.94,11.04,10.71,10.87,10.87,0.07,0.644,54051070,588054163.61
2015-05-18,'000729,Ñà¾©Æ¡¾Æ,10.87,10.94,10.34,10.46,10.47,0.4,3.8204,70317962,754731118.55
2015-05-15,'000729,Ñà¾©Æ¡¾Æ,10.47,10.79,10.38,10.6,10.49,-0.02,-0.1907,50022698,528570743.37
2015-05-14,'000729,Ñà¾©Æ¡¾Æ,10.49,10.67,10.16,10.16,10.14,0.35,3.4517,70753472,740312643.59
2015-05-13,'000729,Ñà¾©Æ¡¾Æ,10.14,10.19,9.96,10.08,10.08,0.06,0.5952,51443771,519859411.31
2015-05-12,'000729,Ñà¾©Æ¡¾Æ,10.08,10.14,9.91,10.1,10.11,-0.03,-0.2967,49763768,499590223.85
2015-05-11,'000729,Ñà¾©Æ¡¾Æ,10.11,10.12,9.82,10.0,9.96,0.15,1.506,52290209,520940682.05
2015-05-08,'000729,Ñà¾©Æ¡¾Æ,9.96,9.99,9.76,9.88,9.75,0.21,2.1538,34907234,344113435.19
2015-05-07,'000729,Ñà¾©Æ¡¾Æ,9.75,10.19,9.68,10.19,10.33,-0.58,-5.6147,57706775,569887166.87
2015-05-06,'000729,Ñà¾©Æ¡¾Æ,10.33,11.07,10.29,10.82,10.84,-0.51,-4.7048,87629143,944709445.54
2015-05-05,'000729,Ñà¾©Æ¡¾Æ,10.84,10.87,10.48,10.65,10.58,0.26,2.4575,82027551,876523681.45
2015-05-04,'000729,Ñà¾©Æ¡¾Æ,10.58,10.67,10.46,10.58,10.54,0.04,0.3795,45834154,482360461.82
2015-04-30,'000729,Ñà¾©Æ¡¾Æ,10.54,10.67,10.43,10.47,10.45,0.09,0.8612,45429858,478926328.89
2015-04-29,'000729,Ñà¾©Æ¡¾Æ,10.45,10.49,10.22,10.25,10.29,0.16,1.5549,34552060,360054056.94
2015-04-28,'000729,Ñà¾©Æ¡¾Æ,10.29,10.66,10.24,10.65,10.69,-0.4,-3.7418,55706512,580539207.74
2015-04-27,'000729,Ñà¾©Æ¡¾Æ,10.69,10.79,10.58,10.7,10.68,0.01,0.0936,60350801,642907473.12
2015-04-24,'000729,Ñà¾©Æ¡¾Æ,10.68,10.8,10.48,10.57,10.69,-0.01,-0.0935,42141187,448786133.78
2015-04-23,'000729,Ñà¾©Æ¡¾Æ,10.69,10.85,10.55,10.83,10.83,-0.14,-1.2927,57499412,614167821.52
2015-04-22,'000729,Ñà¾©Æ¡¾Æ,10.83,10.97,10.72,10.88,10.79,0.04,0.3707,55938932,606189009.83
2015-04-21,'000729,Ñà¾©Æ¡¾Æ,10.79,10.84,10.47,10.5,10.54,0.25,2.3719,41818175,446458176.33
2015-04-20,'000729,Ñà¾©Æ¡¾Æ,10.54,10.99,10.41,10.99,11.04,-0.5,-4.529,63340731,675552690.77
2015-04-17,'000729,Ñà¾©Æ¡¾Æ,11.04,11.46,11.01,11.2,11.21,-0.17,-1.5165,67092821,747251818.07
2015-04-16,'000729,Ñà¾©Æ¡¾Æ,11.21,11.44,10.3,10.53,10.69,0.52,4.8644,60847721,668814860.08
2015-04-15,'000729,Ñà¾©Æ¡¾Æ,10.69,10.96,10.22,10.38,10.4,0.29,2.7885,65917096,697407531.35
2015-04-14,'000729,Ñà¾©Æ¡¾Æ,10.4,10.8,10.19,10.3,10.3,0.1,0.9709,53990681,566826009.32
2015-04-13,'000729,Ñà¾©Æ¡¾Æ,10.3,10.4,9.95,10.04,10.04,0.26,2.5896,68091198,692316133.59
2015-04-10,'000729,Ñà¾©Æ¡¾Æ,10.04,10.17,9.81,9.85,10.02,0.02,0.1996,58254399,580936571.05
2015-04-09,'000729,Ñà¾©Æ¡¾Æ,10.02,10.05,9.43,9.58,9.55,0.47,4.9215,81167576,791386462.67
2015-04-08,'000729,Ñà¾©Æ¡¾Æ,9.55,9.7,9.4,9.62,9.62,-0.07,-0.7277,46891312,447299556.71
2015-04-07,'000729,Ñà¾©Æ¡¾Æ,9.62,9.65,9.24,9.3,9.28,0.34,3.6638,62639965,590921106.16
2015-04-03,'000729,Ñà¾©Æ¡¾Æ,9.28,9.31,9.12,9.22,9.25,0.03,0.3243,36980815,340793019.84
2015-04-02,'000729,Ñà¾©Æ¡¾Æ,9.25,9.39,9.15,9.39,9.28,-0.03,-0.3233,37578519,348050445.71
2015-04-01,'000729,Ñà¾©Æ¡¾Æ,9.28,9.3,9.14,9.16,9.18,0.1,1.0893,31550015,291004338.86
2015-03-31,'000729,Ñà¾©Æ¡¾Æ,9.18,9.48,9.1,9.36,9.35,-0.17,-1.8182,42885437,399908683.77
2015-03-30,'000729,Ñà¾©Æ¡¾Æ,9.35,9.38,9.13,9.17,9.19,0.16,1.741,41277310,382195137.16
2015-03-27,'000729,Ñà¾©Æ¡¾Æ,9.19,9.3,9.1,9.2,9.2,-0.01,-0.1087,22926922,210822648.13
2015-03-26,'000729,Ñà¾©Æ¡¾Æ,9.2,9.3,9.01,9.08,9.12,0.08,0.8772,33130529,303503570.92
2015-03-25,'000729,Ñà¾©Æ¡¾Æ,9.12,9.29,9.03,9.15,9.14,-0.02,-0.2188,26359155,240633011.99
2015-03-24,'000729,Ñà¾©Æ¡¾Æ,9.14,9.37,8.94,9.11,9.1,0.04,0.4396,42890667,393152561.81
2015-03-23,'000729,Ñà¾©Æ¡¾Æ,9.1,9.11,8.95,8.95,8.93,0.17,1.9037,26305123,237790332.4
2015-03-20,'000729,Ñà¾©Æ¡¾Æ,8.93,9.11,8.86,9.0,9.04,-0.11,-1.2168,28609628,256115185.02
2015-03-19,'000729,Ñà¾©Æ¡¾Æ,9.04,9.15,8.93,8.96,9.01,0.03,0.333,36151713,327432571.55
2015-03-18,'000729,Ñà¾©Æ¡¾Æ,9.01,9.06,8.83,8.92,8.94,0.07,0.783,31992907,286957456.91
2015-03-17,'000729,Ñà¾©Æ¡¾Æ,8.94,9.2,8.82,8.88,8.88,0.06,0.6757,41345650,372312816.92
2015-03-16,'000729,Ñà¾©Æ¡¾Æ,8.88,8.95,8.56,8.64,8.61,0.27,3.1359,31816092,279645767.98
2015-03-13,'000729,Ñà¾©Æ¡¾Æ,8.61,8.64,8.42,8.48,8.49,0.12,1.4134,25438243,216950479.91
2015-03-12,'000729,Ñà¾©Æ¡¾Æ,8.49,8.54,8.41,8.53,8.52,-0.03,-0.3521,16980739,144041388.35
2015-03-11,'000729,Ñà¾©Æ¡¾Æ,8.52,8.54,8.27,8.31,8.3,0.22,2.6506,29935287,251430371.27
2015-03-10,'000729,Ñà¾©Æ¡¾Æ,8.3,8.35,8.28,8.31,8.31,-0.01,-0.1203,17547954,145755865.34
2015-03-09,'000729,Ñà¾©Æ¡¾Æ,8.31,8.33,8.16,8.2,8.28,0.03,0.3623,15380901,126796948.61
2015-03-06,'000729,Ñà¾©Æ¡¾Æ,8.28,8.29,8.18,8.24,8.24,0.04,0.4854,13522346,111293260.91
2015-03-05,'000729,Ñà¾©Æ¡¾Æ,8.24,8.38,8.11,8.31,8.36,-0.12,-1.4354,22824795,187689253.32
2015-03-04,'000729,Ñà¾©Æ¡¾Æ,8.36,8.4,8.3,8.4,8.35,0.01,0.1198,24570409,205125428.06
2015-03-03,'000729,Ñà¾©Æ¡¾Æ,8.35,8.54,8.29,8.48,8.56,-0.21,-2.4533,20436406,172008205.59
2015-03-02,'000729,Ñà¾©Æ¡¾Æ,8.56,8.56,8.4,8.48,8.43,0.13,1.5421,15064840,127365688.29
2015-02-27,'000729,Ñà¾©Æ¡¾Æ,8.43,8.55,8.4,8.47,8.47,-0.04,-0.4723,11015305,93208161.3
2015-02-26,'000729,Ñà¾©Æ¡¾Æ,8.47,8.48,8.28,8.33,8.35,0.12,1.4371,15156525,127658285.69
2015-02-25,'000729,Ñà¾©Æ¡¾Æ,8.35,8.39,8.25,8.35,8.32,0.03,0.3606,15961269,132644838.64
2015-02-17,'000729,Ñà¾©Æ¡¾Æ,8.32,8.44,8.28,8.35,8.35,-0.03,-0.3593,12630162,105529491.3
2015-02-16,'000729,Ñà¾©Æ¡¾Æ,8.35,8.39,8.2,8.36,8.35,0.0,0.0,16665322,138474347.73
2015-02-13,'000729,Ñà¾©Æ¡¾Æ,8.35,8.53,8.28,8.39,8.36,-0.01,-0.1196,14924676,125210702.89
2015-02-12,'000729,Ñà¾©Æ¡¾Æ,8.36,8.38,8.22,8.27,8.28,0.08,0.9662,13236676,110136248.38
2015-02-11,'000729,Ñà¾©Æ¡¾Æ,8.28,8.33,8.06,8.09,8.17,0.11,1.3464,21292932,175073474.68
2015-02-10,'000729,Ñà¾©Æ¡¾Æ,8.17,8.52,7.95,7.95,7.93,0.24,3.0265,31111849,257453994.96
2015-02-09,'000729,Ñà¾©Æ¡¾Æ,7.93,7.93,7.68,7.68,7.8,0.13,1.6667,9605327,75011800.13
2015-02-06,'000729,Ñà¾©Æ¡¾Æ,7.8,8.08,7.75,8.0,7.99,-0.19,-2.378,12376258,97681450.78
2015-02-05,'000729,Ñà¾©Æ¡¾Æ,7.99,8.28,7.96,8.25,8.17,-0.18,-2.2032,10998104,89741068.42
2015-02-04,'000729,Ñà¾©Æ¡¾Æ,8.17,8.34,8.15,8.28,8.29,-0.12,-1.4475,10298343,85015419.75
2015-02-03,'000729,Ñà¾©Æ¡¾Æ,8.29,8.29,8.12,8.25,8.15,0.14,1.7178,14922036,122286839.67
2015-02-02,'000729,Ñà¾©Æ¡¾Æ,8.15,8.29,8.01,8.06,8.18,-0.03,-0.3667,10944111,89475523.26
2015-01-30,'000729,Ñà¾©Æ¡¾Æ,8.18,8.26,8.05,8.21,8.2,-0.02,-0.2439,12547893,102409048.03
2015-01-29,'000729,Ñà¾©Æ¡¾Æ,8.2,8.39,8.15,8.38,8.41,-0.21,-2.497,14178273,116751439.53
2015-01-28,'000729,Ñà¾©Æ¡¾Æ,8.41,8.5,8.34,8.46,8.52,-0.11,-1.2911,13957698,117474165.78
2015-01-27,'000729,Ñà¾©Æ¡¾Æ,8.52,8.56,8.29,8.34,8.35,0.17,2.0359,26114287,220228161.92
2015-01-26,'000729,Ñà¾©Æ¡¾Æ,8.35,8.38,8.11,8.19,8.16,0.19,2.3284,15274602,126130430.58
2015-01-23,'000729,Ñà¾©Æ¡¾Æ,8.16,8.36,8.11,8.25,8.25,-0.09,-1.0909,18540026,152593734.78
2015-01-22,'000729,Ñà¾©Æ¡¾Æ,8.25,8.27,8.15,8.26,8.24,0.01,0.1214,18108728,149100340.69
2015-01-21,'000729,Ñà¾©Æ¡¾Æ,8.24,8.28,8.1,8.13,8.1,0.14,1.7284,19618328,160692087.32
2015-01-20,'000729,Ñà¾©Æ¡¾Æ,8.1,8.21,8.02,8.05,7.99,0.11,1.3767,19826318,161122104.98
2015-01-19,'000729,Ñà¾©Æ¡¾Æ,7.99,8.47,7.86,8.33,8.51,-0.52,-6.1105,23222015,190602103.69
2015-01-16,'000729,Ñà¾©Æ¡¾Æ,8.51,8.62,8.44,8.56,8.61,-0.1,-1.1614,23856211,203274039.33
2015-01-15,'000729,Ñà¾©Æ¡¾Æ,8.61,8.81,8.47,8.67,8.65,-0.04,-0.4624,18890790,162227746.36
2015-01-14,'000729,Ñà¾©Æ¡¾Æ,8.65,8.74,8.44,8.49,8.52,0.13,1.5258,21771912,187116764.55
2015-01-13,'000729,Ñà¾©Æ¡¾Æ,8.52,8.78,8.5,8.62,8.69,-0.17,-1.9563,21858261,189205770.71
2015-01-12,'000729,Ñà¾©Æ¡¾Æ,8.69,8.78,8.29,8.35,8.32,0.37,4.4471,32340724,278186490.11
2015-01-09,'000729,Ñà¾©Æ¡¾Æ,8.32,8.65,8.17,8.21,8.21,0.11,1.3398,35506149,301071855.47
2015-01-08,'000729,Ñà¾©Æ¡¾Æ,8.21,8.34,8.14,8.18,8.17,0.04,0.4896,19616186,161727865.74
2015-01-07,'000729,Ñà¾©Æ¡¾Æ,8.17,8.48,8.15,8.39,8.4,-0.23,-2.7381,26675799,221033630.86
2015-01-06,'000729,Ñà¾©Æ¡¾Æ,8.4,8.59,8.16,8.28,8.34,0.06,0.7194,28586175,239238755.91
2015-01-05,'000729,Ñà¾©Æ¡¾Æ,8.34,8.43,8.0,8.06,7.99,0.35,4.3805,39231547,323719474.82
2014-12-31,'000729,Ñà¾©Æ¡¾Æ,7.99,8.03,7.86,7.95,7.92,0.07,0.8838,15034264,119735661.78
2014-12-30,'000729,Ñà¾©Æ¡¾Æ,7.92,8.07,7.83,8.01,8.05,-0.13,-1.6149,21572005,171532254.14
2014-12-29,'000729,Ñà¾©Æ¡¾Æ,8.05,8.14,7.66,7.68,7.75,0.3,3.871,39498573,312000893.59
2014-12-26,'000729,Ñà¾©Æ¡¾Æ,7.75,7.78,7.59,7.63,7.75,0.0,0.0,24717021,189855990.63
2014-12-25,'000729,Ñà¾©Æ¡¾Æ,7.75,7.88,7.5,7.71,7.7,0.05,0.6494,52362594,399974551.71
2014-12-24,'000729,Ñà¾©Æ¡¾Æ,7.7,7.85,7.56,7.82,7.81,-0.11,-1.4085,18924903,145608500.32
2014-12-23,'000729,Ñà¾©Æ¡¾Æ,7.81,7.99,7.75,7.82,7.89,-0.08,-1.0139,13593142,107441120.37
2014-12-22,'000729,Ñà¾©Æ¡¾Æ,7.89,8.05,7.76,7.97,8.0,-0.11,-1.375,23506499,186450931.17
2014-12-19,'000729,Ñà¾©Æ¡¾Æ,8.0,8.01,7.84,7.93,7.97,0.03,0.3764,16018553,127529117.81
2014-12-18,'000729,Ñà¾©Æ¡¾Æ,7.97,8.0,7.89,7.93,7.97,0.0,0.0,12130423,96411770.04
2014-12-17,'000729,Ñà¾©Æ¡¾Æ,7.97,8.17,7.89,8.16,8.16,-0.19,-2.3284,24688440,197123980.42
2014-12-16,'000729,Ñà¾©Æ¡¾Æ,8.16,8.25,8.03,8.15,8.2,-0.04,-0.4878,21649325,175606295.49
2014-12-15,'000729,Ñà¾©Æ¡¾Æ,8.2,8.2,7.83,7.86,7.94,0.26,3.2746,29433155,235951033.56
2014-12-12,'000729,Ñà¾©Æ¡¾Æ,7.94,7.94,7.67,7.84,7.84,0.1,1.2755,23655730,184472186.53
2014-12-11,'000729,Ñà¾©Æ¡¾Æ,7.84,7.98,7.68,7.77,7.78,0.06,0.7712,24912099,195717231.17
2014-12-10,'000729,Ñà¾©Æ¡¾Æ,7.78,7.81,7.42,7.42,7.4,0.38,5.1351,23964048,183135212.63
2014-12-09,'000729,Ñà¾©Æ¡¾Æ,7.4,7.94,7.33,7.69,7.68,-0.28,-3.6458,34435787,267022395.38
2014-12-08,'000729,Ñà¾©Æ¡¾Æ,7.68,7.75,7.46,7.56,7.57,0.11,1.4531,26286350,200800935.26
2014-12-05,'000729,Ñà¾©Æ¡¾Æ,7.57,7.95,7.41,7.71,7.73,-0.16,-2.0699,28882662,221649178.84
2014-12-04,'000729,Ñà¾©Æ¡¾Æ,7.73,7.79,7.6,7.67,7.68,0.05,0.651,29167042,224602289.5
2014-12-03,'000729,Ñà¾©Æ¡¾Æ,7.68,7.74,7.5,7.52,7.53,0.15,1.992,32152326,244147429.68
2014-12-02,'000729,Ñà¾©Æ¡¾Æ,7.53,7.54,7.29,7.46,7.49,0.04,0.534,28189164,210080968.79
2014-12-01,'000729,Ñà¾©Æ¡¾Æ,7.49,7.6,7.38,7.51,7.5,-0.01,-0.1333,23963073,178965750.17
2014-11-28,'000729,Ñà¾©Æ¡¾Æ,7.5,7.58,7.4,7.5,7.49,0.01,0.1335,30105308,225393867.37
2014-11-27,'000729,Ñà¾©Æ¡¾Æ,7.49,7.61,7.21,7.22,7.2,0.29,4.0278,57132575,425984579.34
2014-11-26,'000729,Ñà¾©Æ¡¾Æ,7.2,7.29,7.1,7.13,7.13,0.07,0.9818,38231505,274439966.07
2014-11-25,'000729,Ñà¾©Æ¡¾Æ,7.13,7.15,7.01,7.03,7.02,0.11,1.567,26218290,186258234.13
2014-11-24,'000729,Ñà¾©Æ¡¾Æ,7.02,7.09,6.96,7.02,6.99,0.03,0.4292,28366100,199576372.6
2014-11-21,'000729,Ñà¾©Æ¡¾Æ,6.99,6.99,6.9,6.94,6.94,0.05,0.7205,13327861,92575070.85
2014-11-20,'000729,Ñà¾©Æ¡¾Æ,6.94,6.97,6.91,6.93,6.96,-0.02,-0.2874,7450253,51663017.12
2014-11-19,'000729,Ñà¾©Æ¡¾Æ,6.96,6.98,6.9,6.92,6.92,0.04,0.578,13286232,92183301.96
2014-11-18,'000729,Ñà¾©Æ¡¾Æ,6.92,7.02,6.91,7.0,7.03,-0.11,-1.5647,16288786,113457450.73
2014-11-17,'000729,Ñà¾©Æ¡¾Æ,7.03,7.21,7.0,7.17,7.14,-0.11,-1.5406,20266867,143591939.77
2014-11-14,'000729,Ñà¾©Æ¡