»’∆⁄,π…∆±¥˙¬Î,√˚≥∆, ’≈Ãº€,◊Ó∏ﬂº€,◊ÓµÕº€,ø™≈Ãº€,«∞ ’≈Ã,’«µ¯∂Ó,’«µ¯∑˘,≥…Ωª¡ø,≥…ΩªΩ∂Ó
2019-07-01,'000717,…ÿ∏÷À……Ω,4.54,4.58,4.49,4.55,4.43,0.11,2.4831,23109876,104728254.9
2019-06-28,'000717,…ÿ∏÷À……Ω,4.43,4.54,4.39,4.53,4.53,-0.1,-2.2075,16825647,74704409.74
2019-06-27,'000717,…ÿ∏÷À……Ω,4.53,4.6,4.5,4.51,4.5,0.03,0.6667,20664689,93806537.5
2019-06-26,'000717,…ÿ∏÷À……Ω,4.5,4.52,4.42,4.45,4.48,0.02,0.4464,16548515,74280943.99
2019-06-25,'000717,…ÿ∏÷À……Ω,4.48,4.59,4.44,4.58,4.58,-0.1,-2.1834,28737187,129144876.75
2019-06-24,'000717,…ÿ∏÷À……Ω,4.58,4.79,4.45,4.45,4.42,0.16,3.6199,60493427,279766941.59
2019-06-21,'000717,…ÿ∏÷À……Ω,4.42,4.44,4.37,4.39,4.38,0.04,0.9132,24823022,109548173.75
2019-06-20,'000717,…ÿ∏÷À……Ω,4.38,4.4,4.28,4.33,4.33,0.05,1.1547,31692652,138103551.5
2019-06-19,'000717,…ÿ∏÷À……Ω,4.33,4.38,4.29,4.35,4.23,0.1,2.3641,23529610,101638028.67
2019-06-18,'000717,…ÿ∏÷À……Ω,4.23,4.27,4.2,4.25,4.24,-0.01,-0.2358,10173535,43080541.7
2019-06-17,'000717,…ÿ∏÷À……Ω,4.24,4.28,4.19,4.24,4.23,0.01,0.2364,14925102,63163336.48
2019-06-14,'000717,…ÿ∏÷À……Ω,4.23,4.36,4.23,4.34,4.32,-0.09,-2.0833,18888537,81151729.87
2019-06-13,'000717,…ÿ∏÷À……Ω,4.32,4.36,4.26,4.36,4.32,0.0,0.0,15964440,68810657.8
2019-06-12,'000717,…ÿ∏÷À……Ω,4.32,4.43,4.31,4.37,4.38,-0.06,-1.3699,23266843,101572118.34
2019-06-11,'000717,…ÿ∏÷À……Ω,4.38,4.43,4.14,4.16,4.13,0.25,6.0533,42453749,182855631.21
2019-06-10,'000717,…ÿ∏÷À……Ω,4.13,4.16,4.08,4.14,4.14,-0.01,-0.2415,18264009,75427553.27
2019-06-06,'000717,…ÿ∏÷À……Ω,4.14,4.32,4.13,4.31,4.31,-0.17,-3.9443,21678623,90730288.14
2019-06-05,'000717,…ÿ∏÷À……Ω,4.31,4.38,4.3,4.37,4.31,0.0,0.0,11640242,50424503.52
2019-06-04,'000717,…ÿ∏÷À……Ω,4.31,4.45,4.28,4.44,4.44,-0.13,-2.9279,22651681,98346884.42
2019-06-03,'000717,…ÿ∏÷À……Ω,4.44,4.55,4.43,4.52,4.52,-0.08,-1.7699,19307373,86292536.39
2019-05-31,'000717,…ÿ∏÷À……Ω,4.52,4.58,4.51,4.54,4.55,-0.03,-0.6593,14857732,67494381.45
2019-05-30,'000717,…ÿ∏÷À……Ω,4.55,4.62,4.51,4.57,4.61,-0.06,-1.3015,17443306,79349087.12
2019-05-29,'000717,…ÿ∏÷À……Ω,4.61,4.67,4.58,4.6,4.63,-0.02,-0.432,15856000,73420711.0
2019-05-28,'000717,…ÿ∏÷À……Ω,4.63,4.72,4.61,4.66,4.67,-0.04,-0.8565,18834196,87881059.4
2019-05-27,'000717,…ÿ∏÷À……Ω,4.67,4.68,4.55,4.57,4.57,0.1,2.1882,19240999,89025706.44
2019-05-24,'000717,…ÿ∏÷À……Ω,4.57,4.63,4.55,4.58,4.6,-0.03,-0.6522,13574893,62178458.31
2019-05-23,'000717,…ÿ∏÷À……Ω,4.6,4.71,4.55,4.67,4.7,-0.1,-2.1277,21098311,97593056.65
2019-05-22,'000717,…ÿ∏÷À……Ω,4.7,4.83,4.67,4.7,4.73,-0.03,-0.6342,28993721,137735917.72
2019-05-21,'000717,…ÿ∏÷À……Ω,4.73,4.73,4.55,4.61,4.58,0.15,3.2751,28089124,130623739.37
2019-05-20,'000717,…ÿ∏÷À……Ω,4.58,4.64,4.46,4.63,4.62,-0.04,-0.8658,24026400,108907648.02
2019-05-17,'000717,…ÿ∏÷À……Ω,4.62,4.82,4.6,4.81,4.84,-0.22,-4.5455,33745312,158732679.02
2019-05-16,'000717,…ÿ∏÷À……Ω,4.84,4.92,4.69,4.69,4.71,0.13,2.7601,41366976,199312806.81
2019-05-15,'000717,…ÿ∏÷À……Ω,4.71,4.72,4.64,4.64,4.61,0.1,2.1692,22776014,106790952.58
2019-05-14,'000717,…ÿ∏÷À……Ω,4.61,4.66,4.57,4.62,4.66,-0.05,-1.073,19885002,91820375.99
2019-05-13,'000717,…ÿ∏÷À……Ω,4.66,4.74,4.65,4.73,4.78,-0.12,-2.5105,21922573,102893779.94
2019-05-10,'000717,…ÿ∏÷À……Ω,4.78,4.79,4.62,4.7,4.68,0.1,2.1368,30833290,146305999.98
2019-05-09,'000717,…ÿ∏÷À……Ω,4.68,4.75,4.67,4.7,4.74,-0.06,-1.2658,16791323,78962535.86
2019-05-08,'000717,…ÿ∏÷À……Ω,4.74,4.81,4.64,4.68,4.79,-0.05,-1.0438,25125276,119272539.1
2019-05-07,'000717,…ÿ∏÷À……Ω,4.79,4.86,4.67,4.79,4.78,0.01,0.2092,39657110,189272039.95
2019-05-06,'000717,…ÿ∏÷À……Ω,4.78,5.07,4.71,5.01,5.17,-0.39,-7.5435,40480450,198358379.02
2019-04-30,'000717,…ÿ∏÷À……Ω,5.17,5.23,5.08,5.1,5.07,0.1,1.9724,27195803,140536410.72
2019-04-29,'000717,…ÿ∏÷À……Ω,5.07,5.24,5.06,5.21,5.21,-0.14,-2.6871,29171740,149542586.68
2019-04-26,'000717,…ÿ∏÷À……Ω,5.21,5.42,5.16,5.4,5.39,-0.18,-3.3395,42140302,221574347.42
2019-04-25,'000717,…ÿ∏÷À……Ω,5.39,5.64,5.37,5.6,5.64,-0.25,-4.4326,37660300,207628855.99
2019-04-24,'000717,…ÿ∏÷À……Ω,5.64,5.64,5.5,5.57,5.56,0.08,1.4388,31844447,177927470.62
2019-04-23,'000717,…ÿ∏÷À……Ω,5.56,5.72,5.56,5.71,5.71,-0.15,-2.627,38093757,214486544.38
2019-04-22,'000717,…ÿ∏÷À……Ω,5.71,5.89,5.7,5.88,5.9,-0.19,-3.2203,50038744,288964880.09
2019-04-19,'000717,…ÿ∏÷À……Ω,5.9,5.91,5.73,5.85,5.88,0.02,0.3401,50105072,292131785.9
2019-04-18,'000717,…ÿ∏÷À……Ω,5.88,5.94,5.78,5.83,5.84,0.04,0.6849,53056808,311826833.88
2019-04-17,'000717,…ÿ∏÷À……Ω,5.84,5.89,5.8,5.86,5.88,-0.04,-0.6803,50532482,294944028.83
2019-04-16,'000717,…ÿ∏÷À……Ω,5.88,5.88,5.67,5.7,5.77,0.11,1.9064,64576157,374379002.9
2019-04-15,'000717,…ÿ∏÷À……Ω,5.77,5.95,5.75,5.89,5.89,-0.12,-2.0374,84586488,497631648.98
2019-04-12,'000717,…ÿ∏÷À……Ω,5.89,6.01,5.82,6.01,6.08,-0.19,-3.125,89956834,530529907.14
2019-04-11,'000717,…ÿ∏÷À……Ω,6.08,6.25,6.06,6.21,6.23,-0.15,-2.4077,69315428,424923904.02
2019-04-10,'000717,…ÿ∏÷À……Ω,6.23,6.33,6.1,6.31,6.42,-0.19,-2.9595,111307627,692005081.34
2019-04-09,'000717,…ÿ∏÷À……Ω,6.42,6.6,6.3,6.6,6.56,-0.14,-2.1341,203329907,1306103660.24
2019-04-08,'000717,…ÿ∏÷À……Ω,6.56,6.56,5.95,6.0,5.96,0.6,10.0671,270844858,1695970575.23
2019-04-04,'000717,…ÿ∏÷À……Ω,5.96,6.09,5.9,5.99,5.98,-0.02,-0.3344,91916151,549268410.68
2019-04-03,'000717,…ÿ∏÷À……Ω,5.98,5.98,5.83,5.86,5.89,0.09,1.528,93046341,552440300.13
2019-04-02,'000717,…ÿ∏÷À……Ω,5.89,5.93,5.81,5.92,5.91,-0.02,-0.3384,60041870,352278824.06
2019-04-01,'000717,…ÿ∏÷À……Ω,5.91,5.94,5.73,5.73,5.71,0.2,3.5026,72351573,423971231.58
2019-03-29,'000717,…ÿ∏÷À……Ω,5.71,5.73,5.48,5.6,5.59,0.12,2.1467,59791554,336899015.97
2019-03-28,'000717,…ÿ∏÷À……Ω,5.59,5.68,5.58,5.68,5.72,-0.13,-2.2727,31719903,178161282.78
2019-03-27,'000717,…ÿ∏÷À……Ω,5.72,5.74,5.6,5.7,5.66,0.06,1.0601,30297249,171637940.66
2019-03-26,'000717,…ÿ∏÷À……Ω,5.66,5.89,5.58,5.82,5.76,-0.1,-1.7361,47760991,274508019.52
2019-03-25,'000717,…ÿ∏÷À……Ω,5.76,5.89,5.76,5.8,5.95,-0.19,-3.1933,37990938,221215308.38
2019-03-22,'000717,…ÿ∏÷À……Ω,5.95,5.99,5.88,5.97,5.97,-0.02,-0.335,40052698,237390299.5
2019-03-21,'000717,…ÿ∏÷À……Ω,5.97,6.04,5.95,6.03,6.02,-0.05,-0.8306,46917398,281245767.99
2019-03-20,'000717,…ÿ∏÷À……Ω,6.02,6.1,5.88,6.01,6.02,0.0,0.0,60818987,364326270.08
2019-03-19,'000717,…ÿ∏÷À……Ω,6.02,6.19,5.98,6.15,6.18,-0.16,-2.589,77965339,471765673.31
2019-03-18,'000717,…ÿ∏÷À……Ω,6.18,6.26,5.84,5.86,5.83,0.35,6.0034,122106307,740035604.89
2019-03-15,'000717,…ÿ∏÷À……Ω,5.83,5.87,5.72,5.73,5.74,0.09,1.5679,42919110,248738044.55
2019-03-14,'000717,…ÿ∏÷À……Ω,5.74,5.9,5.6,5.66,5.67,0.07,1.2346,49977820,288172347.33
2019-03-13,'000717,…ÿ∏÷À……Ω,5.67,5.8,5.66,5.8,5.8,-0.13,-2.2414,40094328,229362746.82
2019-03-12,'000717,…ÿ∏÷À……Ω,5.8,5.9,5.7,5.88,5.78,0.02,0.346,56177400,326772352.95
2019-03-11,'000717,…ÿ∏÷À……Ω,5.78,5.79,5.6,5.63,5.65,0.13,2.3009,38466594,220509682.09
2019-03-08,'000717,…ÿ∏÷À……Ω,5.65,5.99,5.63,5.99,6.07,-0.42,-6.9193,78387013,456006121.66
2019-03-07,'000717,…ÿ∏÷À……Ω,6.07,6.15,6.03,6.03,6.11,-0.04,-0.6547,76440211,463385860.01
2019-03-06,'000717,…ÿ∏÷À……Ω,6.11,6.22,5.93,5.99,6.0,0.11,1.8333,108370768,659135589.51
2019-03-05,'000717,…ÿ∏÷À……Ω,6.0,6.02,5.9,5.99,6.05,-0.05,-0.8264,63612922,378913101.08
2019-03-04,'000717,…ÿ∏÷À……Ω,6.05,6.17,5.95,6.02,5.96,0.09,1.5101,97135645,586946511.49
2019-03-01,'000717,…ÿ∏÷À……Ω,5.96,5.97,5.81,5.87,5.84,0.12,2.0548,66812003,394586754.8
2019-02-28,'000717,…ÿ∏÷À……Ω,5.84,5.86,5.77,5.8,5.8,0.04,0.6897,43860057,254858473.28
2019-02-27,'000717,…ÿ∏÷À……Ω,5.8,5.96,5.73,5.83,5.89,-0.09,-1.528,87201566,510272814.17
2019-02-26,'000717,…ÿ∏÷À……Ω,5.89,6.21,5.64,5.78,5.8,0.09,1.5517,137955931,819407590.04
2019-02-25,'000717,…ÿ∏÷À……Ω,5.8,5.8,5.47,5.57,5.53,0.27,4.8825,111180077,630171422.75
2019-02-22,'000717,…ÿ∏÷À……Ω,5.53,5.54,5.42,5.42,5.43,0.1,1.8416,49459591,271539487.93
2019-02-21,'000717,…ÿ∏÷À……Ω,5.43,5.57,5.41,5.55,5.55,-0.12,-2.1622,61519244,337862059.2
2019-02-20,'000717,…ÿ∏÷À……Ω,5.55,5.68,5.38,5.48,5.5,0.05,0.9091,66800814,371719980.21
2019-02-19,'000717,…ÿ∏÷À……Ω,5.5,5.59,5.36,5.43,5.32,0.18,3.3835,98885870,541446444.44
2019-02-18,'000717,…ÿ∏÷À……Ω,5.32,5.34,5.16,5.18,5.12,0.2,3.9063,51836317,272774659.9
2019-02-15,'000717,…ÿ∏÷À……Ω,5.12,5.26,5.11,5.23,5.26,-0.14,-2.6616,40437985,209697697.48
2019-02-14,'000717,…ÿ∏÷À……Ω,5.26,5.36,5.21,5.21,5.26,0.0,0.0,53102736,280641616.02
2019-02-13,'000717,…ÿ∏÷À……Ω,5.26,5.29,5.08,5.13,5.15,0.11,2.1359,64922115,337506704.13
2019-02-12,'000717,…ÿ∏÷À……Ω,5.15,5.17,5.02,5.05,5.08,0.07,1.378,48912222,248893622.78
2019-02-11,'000717,…ÿ∏÷À……Ω,5.08,5.1,5.01,5.01,4.96,0.12,2.4194,36534642,184567918.0
2019-02-01,'000717,…ÿ∏÷À……Ω,4.96,4.97,4.86,4.88,4.86,0.1,2.0576,24996552,123231074.82
2019-01-31,'000717,…ÿ∏÷À……Ω,4.86,4.96,4.84,4.95,4.94,-0.08,-1.6194,29234887,143026039.06
2019-01-30,'000717,…ÿ∏÷À……Ω,4.94,5.05,4.94,4.96,5.06,-0.12,-2.3715,40090028,199914049.9
2019-01-29,'000717,…ÿ∏÷À……Ω,5.06,5.09,4.74,4.89,4.91,0.15,3.055,69561858,345677521.9
2019-01-28,'000717,…ÿ∏÷À……Ω,4.91,5.03,4.85,4.99,4.94,-0.03,-0.6073,27053162,133964942.72
2019-01-25,'000717,…ÿ∏÷À……Ω,4.94,5.05,4.93,4.94,4.9,0.04,0.8163,36491628,181854554.19
2019-01-24,'000717,…ÿ∏÷À……Ω,4.9,4.95,4.82,4.94,4.93,-0.03,-0.6085,24201499,118179219.08
2019-01-23,'000717,…ÿ∏÷À……Ω,4.93,4.97,4.9,4.95,4.96,-0.03,-0.6048,22640026,111691009.24
2019-01-22,'000717,…ÿ∏÷À……Ω,4.96,5.1,4.93,5.09,5.11,-0.15,-2.9354,41637779,208519353.37
2019-01-21,'000717,…ÿ∏÷À……Ω,5.11,5.16,5.03,5.15,5.14,-0.03,-0.5837,56714946,288144575.45
2019-01-18,'000717,…ÿ∏÷À……Ω,5.14,5.3,4.84,4.86,4.84,0.3,6.1983,100701518,509915990.05
2019-01-17,'000717,…ÿ∏÷À……Ω,4.84,4.93,4.79,4.81,4.79,0.05,1.0438,46916496,228129087.26
2019-01-16,'000717,…ÿ∏÷À……Ω,4.79,4.82,4.75,4.8,4.81,-0.02,-0.4158,18329030,87731275.89
2019-01-15,'000717,…ÿ∏÷À……Ω,4.81,4.81,4.73,4.77,4.8,0.01,0.2083,26738326,127483287.44
2019-01-14,'000717,…ÿ∏÷À……Ω,4.8,4.89,4.66,4.66,4.66,0.14,3.0043,52444051,252558563.71
2019-01-11,'000717,…ÿ∏÷À……Ω,4.66,4.67,4.6,4.63,4.62,0.04,0.8658,15529301,72024098.63
2019-01-10,'000717,…ÿ∏÷À……Ω,4.62,4.7,4.61,4.67,4.68,-0.06,-1.2821,18680540,86830750.78
2019-01-09,'000717,…ÿ∏÷À……Ω,4.68,4.8,4.65,4.65,4.65,0.03,0.6452,35253490,166633704.74
2019-01-08,'000717,…ÿ∏÷À……Ω,4.65,4.69,4.63,4.69,4.71,-0.06,-1.2739,15954245,74328695.06
2019-01-07,'000717,…ÿ∏÷À……Ω,4.71,4.72,4.61,4.65,4.65,0.06,1.2903,28842227,134652632.78
2019-01-04,'000717,…ÿ∏÷À……Ω,4.65,4.65,4.43,4.5,4.53,0.12,2.649,29382960,134033017.16
2019-01-03,'000717,…ÿ∏÷À……Ω,4.53,4.55,4.46,4.49,4.47,0.06,1.3423,19125040,86347428.2
2019-01-02,'000717,…ÿ∏÷À……Ω,4.47,4.59,4.46,4.57,4.55,-0.08,-1.7582,15300900,68949716.0
2018-12-28,'000717,…ÿ∏÷À……Ω,4.55,4.64,4.53,4.59,4.57,-0.02,-0.4376,14102806,64441113.59
2018-12-27,'000717,…ÿ∏÷À……Ω,4.57,4.69,4.56,4.66,4.59,-0.02,-0.4357,21057235,97780915.69
2018-12-26,'000717,…ÿ∏÷À……Ω,4.59,4.67,4.55,4.64,4.64,-0.05,-1.0776,15810458,72842838.39
2018-12-25,'000717,…ÿ∏÷À……Ω,4.64,4.81,4.51,4.81,4.88,-0.24,-4.918,36354229,168487895.81
2018-12-24,'000717,…ÿ∏÷À……Ω,4.88,4.91,4.81,4.89,4.92,-0.04,-0.813,15281779,74418337.65
2018-12-21,'000717,…ÿ∏÷À……Ω,4.92,4.94,4.87,4.94,4.95,-0.03,-0.6061,14192636,69506621.38
2018-12-20,'000717,…ÿ∏÷À……Ω,4.95,4.97,4.88,4.93,4.92,0.03,0.6098,15276773,75311459.15
2018-12-19,'000717,…ÿ∏÷À……Ω,4.92,5.02,4.91,5.01,5.0,-0.08,-1.6,14605144,72441304.53
2018-12-18,'000717,…ÿ∏÷À……Ω,5.0,5.06,4.97,5.0,5.05,-0.05,-0.9901,17820198,89215171.51
2018-12-17,'000717,…ÿ∏÷À……Ω,5.05,5.07,5.0,5.01,5.03,0.02,0.3976,15942460,80418486.81
2018-12-14,'000717,…ÿ∏÷À……Ω,5.03,5.22,5.03,5.22,5.21,-0.18,-3.4549,30745443,157124517.15
2018-12-13,'000717,…ÿ∏÷À……Ω,5.21,5.24,5.08,5.15,5.12,0.09,1.7578,36212089,187728277.58
2018-12-12,'000717,…ÿ∏÷À……Ω,5.12,5.15,5.06,5.07,5.04,0.08,1.5873,21051779,107777356.09
2018-12-11,'000717,…ÿ∏÷À……Ω,5.04,5.07,5.01,5.06,5.01,0.03,0.5988,13000484,65465216.44
2018-12-10,'000717,…ÿ∏÷À……Ω,5.01,5.12,4.97,5.1,5.12,-0.11,-2.1484,21097587,106275072.18
2018-12-07,'000717,…ÿ∏÷À……Ω,5.12,5.15,5.11,5.12,5.12,0.0,0.0,15168517,77822382.04
2018-12-06,'000717,…ÿ∏÷À……Ω,5.12,5.23,5.11,5.2,5.25,-0.13,-2.4762,25885539,133603505.63
2018-12-05,'000717,…ÿ∏÷À……Ω,5.25,5.32,5.09,5.14,5.26,-0.01,-0.1901,40725366,211706125.52
2018-12-04,'000717,…ÿ∏÷À……Ω,5.26,5.34,5.06,5.08,5.08,0.18,3.5433,55576128,290771233.56
2018-12-03,'000717,…ÿ∏÷À……Ω,5.08,5.14,5.02,5.11,4.94,0.14,2.834,35176649,178581842.57
2018-11-30,'000717,…ÿ∏÷À……Ω,4.94,4.97,4.86,4.91,4.9,0.04,0.8163,24331191,119512108.51
2018-11-29,'000717,…ÿ∏÷À……Ω,4.9,5.09,4.9,5.08,5.05,-0.15,-2.9703,25533200,127641732.68
2018-11-28,'000717,…ÿ∏÷À……Ω,5.05,5.06,4.89,5.03,5.04,0.01,0.1984,30251843,150862633.7
2018-11-27,'000717,…ÿ∏÷À……Ω,5.04,5.1,4.97,5.07,5.03,0.01,0.1988,26548971,133552433.49
2018-11-26,'000717,…ÿ∏÷À……Ω,5.03,5.24,5.01,5.2,5.27,-0.24,-4.5541,47654413,243129478.32
2018-11-23,'000717,…ÿ∏÷À……Ω,5.27,5.61,5.25,5.6,5.58,-0.31,-5.5556,38683775,209398910.81
2018-11-22,'000717,…ÿ∏÷À……Ω,5.58,5.63,5.56,5.61,5.65,-0.07,-1.2389,23364025,130637635.29
2018-11-21,'000717,…ÿ∏÷À……Ω,5.65,5.72,5.53,5.55,5.63,0.02,0.3552,43349532,243160007.04
2018-11-20,'000717,…ÿ∏÷À……Ω,5.63,5.84,5.62,5.68,5.74,-0.11,-1.9164,51008587,292725703.57
2018-11-19,'000717,…ÿ∏÷À……Ω,5.74,5.75,5.59,5.7,5.71,0.03,0.5254,50700245,285560830.69
2018-11-16,'000717,…ÿ∏÷À……Ω,5.71,5.8,5.69,5.78,5.77,-0.06,-1.0399,45097923,258508220.81
2018-11-15,'000717,…ÿ∏÷À……Ω,5.77,5.79,5.68,5.73,5.77,0.0,0.0,43998064,251673720.29
2018-11-14,'000717,…ÿ∏÷À……Ω,5.77,5.89,5.67,5.68,5.7,0.07,1.2281,69551763,403683093.51
2018-11-13,'000717,…ÿ∏÷À……Ω,5.7,5.73,5.52,5.55,5.64,0.06,1.0638,54327384,306646828.39
2018-11-12,'000717,…ÿ∏÷À……Ω,5.64,5.65,5.46,5.51,5.6,0.04,0.7143,46578020,257829112.12
2018-11-09,'000717,…ÿ∏÷À……Ω,5.6,5.68,5.58,5.64,5.69,-0.09,-1.5817,27953050,157288598.34
2018-11-08,'000717,…ÿ∏÷À……Ω,5.69,5.78,5.65,5.76,5.72,-0.03,-0.5245,29075351,165840291.4
2018-11-07,'000717,…ÿ∏÷À……Ω,5.72,5.83,5.7,5.76,5.84,-0.12,-2.0548,56099386,323598401.36
2018-11-06,'000717,…ÿ∏÷À……Ω,5.84,5.92,5.76,5.91,5.97,-0.13,-2.1776,49934711,291148590.66
2018-11-05,'000717,…ÿ∏÷À……Ω,5.97,6.08,5.86,6.02,6.09,-0.12,-1.9704,56955985,339627117.36
2018-11-02,'000717,…ÿ∏÷À……Ω,6.09,6.1,5.92,6.0,5.94,0.15,2.5253,58281991,350181392.71
2018-11-01,'000717,…ÿ∏÷À……Ω,5.94,6.18,5.92,6.1,6.01,-0.07,-1.1647,61240627,369805988.0
2018-10-31,'000717,…ÿ∏÷À……Ω,6.01,6.05,5.82,5.91,5.92,0.09,1.5203,55041179,327681985.35
2018-10-30,'000717,…ÿ∏÷À……Ω,5.92,6.01,5.73,5.82,5.97,-0.05,-0.8375,50983499,299823976.53
2018-10-29,'000717,…ÿ∏÷À……Ω,5.97,6.08,5.93,6.06,6.11,-0.14,-2.2913,35967207,215201691.15
2018-10-26,'000717,…ÿ∏÷À……Ω,6.11,6.29,5.95,5.95,5.9,0.21,3.5593,74119881,453276526.45
2018-10-25,'000717,…ÿ∏÷À……Ω,5.9,5.92,5.67,5.71,5.92,-0.02,-0.3378,38552925,222960774.13
2018-10-24,'000717,…ÿ∏÷À……Ω,5.92,6.02,5.78,5.83,5.89,0.03,0.5093,32082302,188948201.27
2018-10-23,'000717,…ÿ∏÷À……Ω,5.89,6.07,5.77,5.98,6.01,-0.12,-1.9967,43879381,259721836.83
2018-10-22,'000717,…ÿ∏÷À……Ω,6.01,6.12,5.7,5.73,5.67,0.34,5.9965,67440474,399860350.52
2018-10-19,'000717,…ÿ∏÷À……Ω,5.67,5.84,5.4,5.5,5.63,0.04,0.7105,47709265,267994075.06
2018-10-18,'000717,…ÿ∏÷À……Ω,5.63,5.93,5.61,5.93,5.99,-0.36,-6.01,39425826,226283645.82
2018-10-17,'000717,…ÿ∏÷À……Ω,5.99,6.03,5.79,5.96,5.87,0.12,2.0443,32970302,195264425.4
2018-10-16,'000717,…ÿ∏÷À……Ω,5.87,6.18,5.82,6.09,6.12,-0.25,-4.085,38862632,233079067.11
2018-10-15,'000717,…ÿ∏÷À……Ω,6.12,6.28,6.06,6.26,6.2,-0.08,-1.2903,30439387,187659538.42
2018-10-12,'000717,…ÿ∏÷À……Ω,6.2,6.3,5.95,6.04,6.04,0.16,2.649,50716424,311013161.12
2018-10-11,'000717,…ÿ∏÷À……Ω,6.04,6.34,5.95,6.26,6.46,-0.42,-6.5015,45789288,282399557.69
2018-10-10,'000717,…ÿ∏÷À……Ω,6.46,6.49,6.3,6.33,6.31,0.15,2.3772,55267600,353509577.07
2018-10-09,'000717,…ÿ∏÷À……Ω,6.31,6.38,6.24,6.29,6.29,0.02,0.318,25848050,163173164.83
2018-10-08,'000717,…ÿ∏÷À……Ω,6.29,6.48,6.28,6.35,6.48,-0.19,-2.9321,31098648,198052531.24
2018-09-28,'000717,…ÿ∏÷À……Ω,6.48,6.54,6.33,6.42,6.56,-0.08,-1.2195,35535948,228671301.65
2018-09-27,'000717,…ÿ∏÷À……Ω,6.56,6.67,6.51,6.53,6.54,0.02,0.3058,36210650,238917273.77
2018-09-26,'000717,…ÿ∏÷À……Ω,6.54,6.65,6.51,6.56,6.55,-0.01,-0.1527,44087385,289979974.99
2018-09-25,'000717,…ÿ∏÷À……Ω,6.55,6.63,6.51,6.6,6.68,-0.13,-1.9461,30928537,202881580.73
2018-09-21,'000717,…ÿ∏÷À……Ω,6.68,6.74,6.42,6.52,6.5,0.18,2.7692,44845328,295881992.79
2018-09-20,'000717,…ÿ∏÷À……Ω,6.5,6.64,6.47,6.53,6.52,-0.02,-0.3067,35726282,233960721.42
2018-09-19,'000717,…ÿ∏÷À……Ω,6.52,6.62,6.44,6.5,6.55,-0.03,-0.458,55299422,361167934.97
2018-09-18,'000717,…ÿ∏÷À……Ω,6.55,6.59,6.14,6.14,6.14,0.41,6.6775,70453900,449541325.3
2018-09-17,'000717,…ÿ∏÷À……Ω,6.14,6.34,6.12,6.33,6.32,-0.18,-2.8481,26781037,166197668.09
2018-09-14,'000717,…ÿ∏÷À……Ω,6.32,6.44,6.25,6.35,6.35,-0.03,-0.4724,32738355,207171291.79
2018-09-13,'000717,…ÿ∏÷À……Ω,6.35,6.44,6.2,6.4,6.33,0.02,0.316,39704449,250535642.7
2018-09-12,'000717,…ÿ∏÷À……Ω,6.33,6.43,6.28,6.42,6.44,-0.11,-1.7081,42900106,272494295.72
2018-09-11,'000717,…ÿ∏÷À……Ω,6.44,6.95,6.4,6.93,7.1,-0.66,-9.2958,107272233,706255595.86
2018-09-10,'000717,…ÿ∏÷À……Ω,7.1,7.26,7.03,7.21,7.17,-0.07,-0.9763,32439976,231454847.66
2018-09-07,'000717,…ÿ∏÷À……Ω,7.17,7.32,7.13,7.2,7.05,0.12,1.7021,50187455,362873021.33
2018-09-06,'000717,…ÿ∏÷À……Ω,7.05,7.15,7.0,7.04,7.0,0.05,0.7143,27477906,194024503.11
2018-09-05,'000717,…ÿ∏÷À……Ω,7.0,7.26,6.99,7.25,7.35,-0.35,-4.7619,51204715,365015604.71
2018-09-04,'000717,…ÿ∏÷À……Ω,7.35,7.46,7.1,7.21,7.21,0.14,1.9417,46470159,338693060.33
2018-09-03,'000717,…ÿ∏÷À……Ω,7.21,7.32,6.99,7.29,7.27,-0.06,-0.8253,43565667,310492285.21
2018-08-31,'000717,…ÿ∏÷À……Ω,7.27,7.41,7.25,7.36,7.38,-0.11,-1.4905,37497741,275039431.85
2018-08-30,'000717,…ÿ∏÷À……Ω,7.38,7.74,7.34,7.71,7.8,-0.42,-5.3846,69879795,522599199.95
2018-08-29,'000717,…ÿ∏÷À……Ω,7.8,7.96,7.75,7.95,7.96,-0.16,-2.0101,37750938,294784126.54
2018-08-28,'000717,…ÿ∏÷À……Ω,7.96,8.11,7.89,8.0,8.03,-0.07,-0.8717,44965972,358323185.06
2018-08-27,'000717,…ÿ∏÷À……Ω,8.03,8.06,7.83,7.87,7.91,0.12,1.5171,40356972,320257149.6
2018-08-24,'000717,…ÿ∏÷À……Ω,7.91,8.07,7.84,8.0,8.05,-0.14,-1.7391,38527316,305488105.84
2018-08-23,'000717,…ÿ∏÷À……Ω,8.05,8.23,7.88,8.21,8.28,-0.23,-2.7778,74665026,599944611.34
2018-08-22,'000717,…ÿ∏÷À……Ω,8.28,8.52,8.2,8.25,8.33,-0.05,-0.6002,54878759,459717666.71
2018-08-21,'000717,…ÿ∏÷À……Ω,8.33,8.47,8.24,8.4,8.47,-0.14,-1.6529,63727781,532684988.91
2018-08-20,'000717,…ÿ∏÷À……Ω,8.47,8.47,8.06,8.15,8.1,0.37,4.5679,68664637,565258292.66
2018-08-17,'000717,…ÿ∏÷À……Ω,8.1,8.26,7.82,8.11,7.96,0.14,1.7588,69875473,563559290.28
2018-08-16,'000717,…ÿ∏÷À……Ω,7.96,8.12,7.73,7.9,8.04,-0.08,-0.995,48065695,382817519.85
2018-08-15,'000717,…ÿ∏÷À……Ω,8.04,8.29,7.92,8.25,8.2,-0.16,-1.9512,60387427,487619522.14
2018-08-14,'000717,…ÿ∏÷À……Ω,8.2,8.7,8.08,8.49,8.49,-0.29,-3.4158,90217138,758119521.6
2018-08-13,'000717,…ÿ∏÷À……Ω,8.49,8.53,8.07,8.12,8.2,0.29,3.5366,79286698,655297712.97
2018-08-10,'000717,…ÿ∏÷À……Ω,8.2,8.36,8.11,8.27,8.27,-0.07,-0.8464,60999512,501691812.32
2018-08-09,'000717,…ÿ∏÷À……Ω,8.27,8.37,7.78,7.88,7.97,0.3,3.7641,94451028,764257074.9
2018-08-08,'000717,…ÿ∏÷À……Ω,7.97,8.25,7.81,7.88,7.91,0.06,0.7585,122558098,984447271.51
2018-08-07,'000717,…ÿ∏÷À……Ω,7.91,7.93,7.38,7.53,7.4,0.51,6.8919,93551978,716236740.12
2018-08-06,'000717,…ÿ∏÷À……Ω,7.4,7.65,7.2,7.49,7.51,-0.11,-1.4647,56513818,420306294.65
2018-08-03,'000717,…ÿ∏÷À……Ω,7.51,7.71,7.36,7.41,7.42,0.09,1.2129,78620565,595689037.0
2018-08-02,'000717,…ÿ∏÷À……Ω,7.42,7.47,7.1,7.36,7.31,0.11,1.5048,73170645,535257368.76
2018-08-01,'000717,…ÿ∏÷À……Ω,7.31,7.99,7.29,7.9,7.73,-0.42,-5.4334,93460529,711812330.01
2018-07-31,'000717,…ÿ∏÷À……Ω,7.73,7.78,7.5,7.61,7.85,-0.12,-1.5287,83011605,634976938.74
2018-07-30,'000717,…ÿ∏÷À……Ω,7.85,8.12,7.78,7.96,7.82,0.03,0.3836,87610759,695004579.75
2018-07-27,'000717,…ÿ∏÷À……Ω,7.82,8.05,7.7,7.98,7.82,0.0,0.0,105788327,832468552.49
2018-07-26,'000717,…ÿ∏÷À……Ω,7.82,7.88,7.53,7.63,7.67,0.15,1.9557,100905620,774480052.19
2018-07-25,'000717,…ÿ∏÷À……Ω,7.67,7.82,7.25,7.25,7.28,0.39,5.3571,143105184,1076866083.75
2018-07-24,'000717,…ÿ∏÷À……Ω,7.28,7.51,7.2,7.2,6.83,0.45,6.5886,141938260,1051678801.86
2018-07-23,'000717,…ÿ∏÷À……Ω,6.83,6.87,6.43,6.47,6.53,0.3,4.5942,72488469,487797611.87
2018-07-20,'000717,…ÿ∏÷À……Ω,6.53,6.55,6.25,6.45,6.46,0.07,1.0836,44596300,285230910.59
2018-07-19,'000717,…ÿ∏÷À……Ω,6.46,6.6,6.45,6.47,6.38,0.08,1.2539,40537600,264538917.43
2018-07-18,'000717,…ÿ∏÷À……Ω,6.38,6.51,6.37,6.47,6.45,-0.07,-1.0853,21719049,139947115.77
2018-07-17,'000717,…ÿ∏÷À……Ω,6.45,6.57,6.36,6.56,6.61,-0.16,-2.4206,26758140,172668952.37
2018-07-16,'000717,…ÿ∏÷À……Ω,6.61,6.71,6.56,6.65,6.68,-0.07,-1.0479,28209546,186948773.86
2018-07-13,'000717,…ÿ∏÷À……Ω,6.68,6.78,6.57,6.72,6.7,-0.02,-0.2985,42506440,283828856.96
2018-07-12,'000717,…ÿ∏÷À……Ω,6.7,6.74,6.58,6.65,6.55,0.15,2.2901,66308177,442304334.53
2018-07-11,'000717,…ÿ∏÷À……Ω,6.55,6.56,6.32,6.4,6.63,-0.08,-1.2066,44666604,288519186.37
2018-07-10,'000717,…ÿ∏÷À……Ω,6.63,6.68,6.44,6.45,6.44,0.19,2.9503,53236023,350433024.21
2018-07-09,'000717,…ÿ∏÷À……Ω,6.44,6.45,6.25,6.28,6.24,0.2,3.2051,33464416,212378443.06
2018-07-06,'000717,…ÿ∏÷À……Ω,6.24,6.38,6.08,6.12,6.2,0.04,0.6452,34203549,212952093.52
2018-07-05,'000717,…ÿ∏÷À……Ω,6.2,6.37,6.11,6.36,6.43,-0.23,-3.577,35922845,223075999.52
2018-07-04,'000717,…ÿ∏÷À……Ω,6.43,6.62,6.42,6.5,6.36,0.07,1.1006,43082584,281337595.75
2018-07-03,'000717,…ÿ∏÷À……Ω,6.36,6.39,6.19,6.33,6.37,-0.01,-0.157,25310663,159606589.52
2018-07-02,'000717,…ÿ∏÷À……Ω,6.37,6.54,6.14,6.53,6.56,-0.19,-2.8963,40327062,255998388.25
2018-06-29,'000717,…ÿ∏÷À……Ω,6.56,6.56,6.31,6.47,6.4,0.16,2.5,34083097,220458560.81
2018-06-28,'000717,…ÿ∏÷À……Ω,6.4,6.63,6.35,6.61,6.5,-0.1,-1.5385,35181056,228629614.84
2018-06-27,'000717,…ÿ∏÷À……Ω,6.5,6.81,6.41,6.76,6.75,-0.25,-3.7037,45483907,299645064.73
2018-06-26,'000717,…ÿ∏÷À……Ω,6.75,6.9,6.53,6.8,7.04,-0.29,-4.1193,65063586,436662178.28
2018-06-25,'000717,…ÿ∏÷À……Ω,7.04,7.26,7.03,7.26,7.2,-0.16,-2.2222,48304917,344823273.36
2018-06-22,'000717,…ÿ∏÷À……Ω,7.2,7.35,6.75,6.8,6.99,0.21,3.0043,82910560,586623243.43
2018-06-21,'000717,…ÿ∏÷À……Ω,6.99,7.3,6.92,6.93,6.89,0.1,1.4514,79239252,562101825.26
2018-06-20,'000717,…ÿ∏÷À……Ω,6.89,6.95,6.56,6.62,6.56,0.33,5.0305,51590536,348920164.83
2018-06-19,'000717,…ÿ∏÷À……Ω,6.56,7.18,6.53,7.1,7.26,-0.7,-9.6419,71006265,483416978.27
2018-06-15,'000717,…ÿ∏÷À……Ω,7.26,7.43,7.22,7.32,7.35,-0.09,-1.2245,66771477,488865909.9
2018-06-14,'000717,…ÿ∏÷À……Ω,7.35,7.48,7.02,7.12,7.12,0.23,3.2303,70445856,507839085.29
2018-06-13,'000717,…ÿ∏÷À……Ω,7.12,7.35,7.07,7.1,7.15,-0.03,-0.4196,48291897,348762081.86
2018-06-12,'000717,…ÿ∏÷À……Ω,7.15,7.19,6.92,6.99,7.01,0.14,1.9971,49563114,351689144.79
2018-06-11,'000717,…ÿ∏÷À……Ω,7.01,7.15,6.75,6.81,6.86,0.15,2.1866,53670725,376849668.56
2018-06-08,'000717,…ÿ∏÷À……Ω,6.86,7.01,6.83,6.88,6.97,-0.11,-1.5782,32267791,222622627.47
2018-06-07,'000717,…ÿ∏÷À……Ω,6.97,7.03,6.87,6.87,6.77,0.2,2.9542,59887756,417437722.84
2018-06-06,'000717,…ÿ∏÷À……Ω,6.77,6.85,6.73,6.78,6.77,0.0,0.0,23206020,157490789.7
2018-06-05,'000717,…ÿ∏÷À……Ω,6.77,6.78,6.65,6.75,6.77,0.0,0.0,24250923,162701636.92
2018-06-04,'000717,…ÿ∏÷À……Ω,6.77,6.84,6.63,6.71,6.7,0.07,1.0448,35512787,239866115.05
2018-06-01,'000717,…ÿ∏÷À……Ω,6.7,6.88,6.57,6.58,6.59,0.11,1.6692,58607571,396024465.15
2018-05-31,'000717,…ÿ∏÷À……Ω,6.59,6.65,6.44,6.55,6.47,0.12,1.8547,36227333,238068505.1
2018-05-30,'000717,…ÿ∏÷À……Ω,6.47,6.61,6.43,6.48,6.62,-0.15,-2.2659,37507131,244294632.23
2018-05-29,'000717,…ÿ∏÷À……Ω,6.62,6.69,6.3,6.33,6.33,0.29,4.5814,40312018,263028775.62
2018-05-28,'000717,…ÿ∏÷À……Ω,6.33,6.43,6.24,6.36,6.35,-0.02,-0.315,22014690,139791964.24
2018-05-25,'000717,…ÿ∏÷À……Ω,6.35,6.52,6.33,6.48,6.49,-0.14,-2.1572,18580454,118826224.7
2018-05-24,'000717,…ÿ∏÷À……Ω,6.49,6.6,6.44,6.45,6.45,0.04,0.6202,28782181,187229838.43
2018-05-23,'000717,…ÿ∏÷À……Ω,6.45,6.72,6.45,6.71,6.76,-0.31,-4.5858,37168225,244130769.54
2018-05-22,'000717,…ÿ∏÷À……Ω,6.76,6.89,6.69,6.86,6.87,-0.11,-1.6012,34323791,232213482.74
2018-05-21,'000717,…ÿ∏÷À……Ω,6.87,7.03,6.85,6.93,6.78,0.09,1.3274,37100940,256471571.59
2018-05-18,'000717,…ÿ∏÷À……Ω,6.78,6.91,6.72,6.88,6.93,-0.15,-2.1645,41932440,284969508.99
2018-05-17,'000717,…ÿ∏÷À……Ω,6.93,7.02,6.81,6.92,6.92,0.01,0.1445,42005394,290171433.59
2018-05-16,'000717,…ÿ∏÷À……Ω,6.92,7.06,6.91,7.06,7.11,-0.19,-2.6723,37875201,264402626.01
2018-05-15,'000717,…ÿ∏÷À……Ω,7.11,7.15,6.96,7.1,7.09,0.02,0.2821,45192420,319271512.43
2018-05-14,'000717,…ÿ∏÷À……Ω,7.09,7.2,7.04,7.16,7.16,-0.07,-0.9777,40255543,286474101.5
2018-05-11,'000717,…ÿ∏÷À……Ω,7.16,7.24,6.97,7.13,7.04,0.12,1.7045,60938541,434265858.26
2018-05-10,'000717,…ÿ∏÷À……Ω,7.04,7.05,6.92,6.99,6.94,0.1,1.4409,29574839,206881608.15
2018-05-09,'000717,…ÿ∏÷À……Ω,6.94,7.07,6.86,7.05,7.13,-0.19,-2.6648,46879991,326612215.3
2018-05-08,'000717,…ÿ∏÷À……Ω,7.13,7.28,7.04,7.05,7.02,0.11,1.567,48944671,350952953.63
2018-05-07,'000717,…ÿ∏÷À……Ω,7.02,7.08,6.84,6.99,6.98,0.04,0.5731,38685349,270285752.38
2018-05-04,'000717,…ÿ∏÷À……Ω,6.98,7.22,6.95,7.18,7.22,-0.24,-3.3241,51299625,361583990.11
2018-05-03,'000717,…ÿ∏÷À……Ω,7.22,7.37,7.16,7.24,7.22,0.0,0.0,65356768,476086764.66
2018-05-02,'000717,…ÿ∏÷À……Ω,7.22,7.23,6.93,7.04,7.05,0.17,2.4113,70144145,496993658.83
2018-04-27,'000717,…ÿ∏÷À……Ω,7.05,7.16,7.01,7.11,7.03,0.02,0.2845,41837998,296239761.13
2018-04-26,'000717,…ÿ∏÷À……Ω,7.03,7.25,6.92,7.05,7.1,-0.07,-0.9859,59339643,420811322.96
2018-04-25,'000717,…ÿ∏÷À……Ω,7.1,7.15,6.83,6.95,7.05,0.05,0.7092,53062106,370026376.48
2018-04-24,'000717,…ÿ∏÷À……Ω,7.05,7.19,6.95,6.95,6.78,0.27,3.9823,79538271,564319024.13
2018-04-23,'000717,…ÿ∏÷À……Ω,6.78,6.9,6.65,6.65,6.65,0.13,1.9549,53175767,360983276.42
2018-04-20,'000717,…ÿ∏÷À……Ω,6.65,6.87,6.61,6.79,6.94,-0.29,-4.1787,51166279,346472144.63
2018-04-19,'000717,…ÿ∏÷À……Ω,6.94,6.95,6.57,6.61,6.57,0.37,5.6317,81446266,552269058.53
2018-04-18,'000717,…ÿ∏÷À……Ω,6.57,6.64,6.44,6.51,6.36,0.21,3.3019,59135907,386359323.14
2018-04-17,'000717,…ÿ∏÷À……Ω,6.36,6.55,6.33,6.44,6.43,-0.07,-1.0886,35791250,230476859.02
2018-04-16,'000717,…ÿ∏÷À……Ω,6.43,6.69,6.31,6.61,6.64,-0.21,-3.1627,41865167,270856242.49
2018-04-13,'000717,…ÿ∏÷À……Ω,6.64,6.72,6.53,6.62,6.57,0.07,1.0654,43601619,289132079.35
2018-04-12,'000717,…ÿ∏÷À……Ω,6.57,6.75,6.53,6.56,6.67,-0.1,-1.4993,52852368,350237161.2
2018-04-11,'000717,…ÿ∏÷À……Ω,6.67,6.92,6.61,6.88,6.57,0.1,1.5221,107491477,726824985.7
2018-04-10,'000717,…ÿ∏÷À……Ω,6.57,6.57,6.18,6.2,5.97,0.6,10.0503,47359382,304021245.03
2018-04-09,'000717,…ÿ∏÷À……Ω,5.97,6.02,5.84,5.86,5.85,0.12,2.0513,34267351,203700691.99
2018-04-04,'000717,…ÿ∏÷À……Ω,5.85,6.07,5.82,6.05,5.97,-0.12,-2.0101,26281847,156309422.69
2018-04-03,'000717,…ÿ∏÷À……Ω,5.97,6.08,5.92,6.05,6.18,-0.21,-3.3981,28927338,173591958.08
2018-04-02,'000717,…ÿ∏÷À……Ω,6.18,6.42,6.17,6.26,6.22,-0.04,-0.6431,38296028,240906678.84
2018-03-30,'000717,…ÿ∏÷À……Ω,6.22,6.26,6.15,6.21,6.25,-0.03,-0.48,37154981,230555592.7
2018-03-29,'000717,…ÿ∏÷À……Ω,6.25,6.3,5.87,6.03,5.99,0.26,4.3406,67438066,413246207.4
2018-03-28,'000717,…ÿ∏÷À……Ω,5.99,6.13,5.76,5.81,5.99,0.0,0.0,33492424,199904007.65
2018-03-27,'000717,…ÿ∏÷À……Ω,5.99,6.08,5.87,6.08,5.92,0.07,1.1824,39001441,233458669.63
2018-03-26,'000717,…ÿ∏÷À……Ω,5.92,5.94,5.55,5.7,6.09,-0.17,-2.7915,45258067,262753884.33
2018-03-23,'000717,…ÿ∏÷À……Ω,6.09,6.38,6.09,6.33,6.77,-0.68,-10.0443,55364666,343034187.6
2018-03-22,'000717,…ÿ∏÷À……Ω,6.77,7.01,6.75,6.98,6.95,-0.18,-2.5899,31515796,215661989.84
2018-03-21,'000717,…ÿ∏÷À……Ω,6.95,7.14,6.93,7.11,7.06,-0.11,-1.5581,28112753,197726067.84
2018-03-20,'000717,…ÿ∏÷À……Ω,7.06,7.14,6.9,6.96,7.05,0.01,0.1418,24697207,173755016.85
2018-03-19,'000717,…ÿ∏÷À……Ω,7.05,7.16,7.01,7.16,7.28,-0.23,-3.1593,34185838,241855372.79
2018-03-16,'000717,…ÿ∏÷À……Ω,7.28,7.57,7.27,7.57,7.51,-0.23,-3.0626,34435238,254541943.79
2018-03-15,'000717,…ÿ∏÷À……Ω,7.51,7.66,7.45,7.61,7.67,-0.16,-2.086,38386959,288830260.6
2018-03-14,'000717,…ÿ∏÷À……Ω,7.67,7.76,7.37,7.41,7.48,0.19,2.5401,63974436,485373032.69
2018-03-13,'000717,…ÿ∏÷À……Ω,7.48,7.69,7.34,7.34,7.38,0.1,1.355,60502476,455756124.96
2018-03-12,'000717,…ÿ∏÷À……Ω,7.38,7.44,7.2,7.24,7.21,0.17,2.3578,47159481,345664114.38
2018-03-09,'000717,…ÿ∏÷À……Ω,7.21,7.31,7.13,7.28,7.3,-0.09,-1.2329,40478709,290645625.83
2018-03-08,'000717,…ÿ∏÷À……Ω,7.3,7.42,7.23,7.3,7.32,-0.02,-0.2732,31767316,232121095.82
2018-03-07,'000717,…ÿ∏÷À……Ω,7.32,7.67,7.3,7.57,7.6,-0.28,-3.6842,43801426,326816214.05
2018-03-06,'000717,…ÿ∏÷À……Ω,7.6,7.67,7.32,7.67,7.57,0.03,0.3963,67505489,506695469.04
2018-03-05,'000717,…ÿ∏÷À……Ω,7.57,7.81,7.49,7.62,7.6,-0.03,-0.3947,49277547,377588226.12
2018-03-02,'000717,…ÿ∏÷À……Ω,7.6,7.83,7.59,7.75,7.91,-0.31,-3.9191,41574971,320592355.05
2018-03-01,'000717,…ÿ∏÷À……Ω,7.91,8.03,7.71,7.71,7.84,0.07,0.8929,47097668,371060290.84
2018-02-28,'000717,…ÿ∏÷À……Ω,7.84,7.95,7.62,7.62,7.82,0.02,0.2558,43717502,341311744.04
2018-02-27,'000717,…ÿ∏÷À……Ω,7.82,7.91,7.69,7.83,7.84,-0.02,-0.2551,49329902,383974661.07
2018-02-26,'000717,…ÿ∏÷À……Ω,7.84,7.95,7.63,7.65,7.48,0.36,4.8128,87722278,682143791.31
2018-02-23,'000717,…ÿ∏÷À……Ω,7.48,7.58,7.21,7.25,7.29,0.19,2.6063,47718618,351903020.74
2018-02-22,'000717,…ÿ∏÷À……Ω,7.29,7.3,7.11,7.22,7.21,0.08,1.1096,39459194,285039129.59
2018-02-14,'000717,…ÿ∏÷À……Ω,7.21,7.26,6.79,6.89,6.91,0.3,4.3415,52488503,369001817.33
2018-02-13,'000717,…ÿ∏÷À……Ω,6.91,7.05,6.77,6.86,6.83,0.08,1.1713,50463728,348493442.31
2018-02-12,'000717,…ÿ∏÷À……Ω,6.83,7.0,6.67,6.9,7.01,-0.18,-2.5678,70756357,482347752.33
2018-02-09,'000717,…ÿ∏÷À……Ω,7.01,7.44,6.78,7.21,7.44,-0.43,-5.7796,59045420,417439412.86
2018-02-08,'000717,…ÿ∏÷À……Ω,7.44,7.54,7.18,7.25,7.36,0.08,1.087,52602209,388263533.19
2018-02-07,'000717,…ÿ∏÷À……Ω,7.36,7.85,7.28,7.75,7.52,-0.16,-2.1277,96122767,732170408.99
2018-02-06,'000717,…ÿ∏÷À……Ω,7.52,8.23,7.51,7.98,8.34,-0.82,-9.8321,124690069,982934914.38
2018-02-05,'000717,…ÿ∏÷À……Ω,8.34,8.64,7.93,8.06,8.27,0.07,0.8464,174129152,1458985469.77
2018-02-02,'000717,…ÿ∏÷À……Ω,8.27,8.41,7.42,8.16,8.24,0.03,0.3641,85001200,687532815.86
2018-02-01,'000717,…ÿ∏÷À……Ω,8.24,8.53,8.16,8.25,8.11,0.13,1.603,99798095,833867069.24
2018-01-31,'000717,…ÿ∏÷À……Ω,8.11,8.23,8.06,8.22,8.31,-0.2,-2.4067,59756952,486354489.25
2018-01-30,'000717,…ÿ∏÷À……Ω,8.31,8.5,8.2,8.28,8.27,0.04,0.4837,71018366,594442844.81
2018-01-29,'000717,…ÿ∏÷À……Ω,8.27,8.44,8.23,8.29,8.21,0.06,0.7308,81484333,679574323.46
2018-01-26,'000717,…ÿ∏÷À……Ω,8.21,8.38,8.18,8.36,8.4,-0.19,-2.2619,68713921,567101766.97
2018-01-25,'000717,…ÿ∏÷À……Ω,8.4,8.48,8.26,8.36,8.32,0.08,0.9615,84969115,712645619.45
2018-01-24,'000717,…ÿ∏÷À……Ω,8.32,8.46,8.23,8.35,8.39,-0.07,-0.8343,59071665,491488232.03
2018-01-23,'000717,…ÿ∏÷À……Ω,8.39,8.52,8.3,8.5,8.58,-0.19,-2.2145,87831785,735102292.55
2018-01-22,'000717,…ÿ∏÷À……Ω,8.58,8.64,8.35,8.35,8.3,0.28,3.3735,120882913,1026166575.58
2018-01-19,'000717,…ÿ∏÷À……Ω,8.3,8.5,8.23,8.41,8.42,-0.12,-1.4252,74354368,622576097.26
2018-01-18,'000717,…ÿ∏÷À……Ω,8.42,8.53,8.22,8.28,8.34,0.08,0.9592,88960062,745691439.03
2018-01-17,'000717,…ÿ∏÷À……Ω,8.34,8.45,8.11,8.29,8.23,0.11,1.3366,88763278,737066925.73
2018-01-16,'000717,…ÿ∏÷À……Ω,8.23,8.34,8.1,8.2,8.22,0.01,0.1217,98134643,805585392.25
2018-01-15,'000717,…ÿ∏÷À……Ω,8.22,8.51,8.1,8.51,8.69,-0.47,-5.4085,91588952,757205313.69
2018-01-12,'000717,…ÿ∏÷À……Ω,8.69,8.95,8.6,8.65,8.62,0.07,0.8121,81725049,716041678.76
2018-01-11,'000717,…ÿ∏÷À……Ω,8.62,8.94,8.54,8.9,8.98,-0.36,-4.0089,77002572,669005871.44
2018-01-10,'000717,…ÿ∏÷À……Ω,8.98,9.14,8.76,8.85,8.99,-0.01,-0.1112,83211686,744482504.21
2018-01-09,'000717,…ÿ∏÷À……Ω,8.99,9.33,8.91,9.2,9.13,-0.14,-1.5334,103477096,938871862.23
2018-01-08,'000717,…ÿ∏÷À……Ω,9.13,9.24,8.82,8.9,8.95,0.18,2.0112,120004972,1089409457.86
2018-01-05,'000717,…ÿ∏÷À……Ω,8.95,9.26,8.87,9.18,9.31,-0.36,-3.8668,120744546,1092254530.42
2018-01-04,'000717,…ÿ∏÷À……Ω,9.31,9.53,9.0,9.18,9.21,0.1,1.0858,122535637,1136002081.19
2018-01-03,'000717,…ÿ∏÷À……Ω,9.21,9.5,9.13,9.27,9.31,-0.1,-1.0741,87313269,809711053.13
2018-01-02,'000717,…ÿ∏÷À……Ω,9.31,9.4,8.8,8.85,8.86,0.45,5.079,113864304,1041953743.08
2017-12-29,'000717,…ÿ∏÷À……Ω,8.86,8.95,8.68,8.82,8.85,0.01,0.113,57212870,503899518.72
2017-12-28,'000717,…ÿ∏÷À……Ω,8.85,8.88,8.33,8.37,8.45,0.4,4.7337,106616657,923041033.39
2017-12-27,'000717,…ÿ∏÷À……Ω,8.45,8.84,8.26,8.3,8.3,0.15,1.8072,94070843,804723896.15
2017-12-26,'000717,…ÿ∏÷À……Ω,8.3,8.35,8.14,8.17,8.2,0.1,1.2195,43876702,361996435.36
2017-12-25,'000717,…ÿ∏÷À……Ω,8.2,8.36,8.1,8.3,8.41,-0.21,-2.497,61673639,506528907.83
2017-12-22,'000717,…ÿ∏÷À……Ω,8.41,8.56,8.3,8.41,8.34,0.07,0.8393,61694924,520501838.03
2017-12-21,'000717,…ÿ∏÷À……Ω,8.34,8.42,8.1,8.19,8.17,0.17,2.0808,62864811,520778963.14
2017-12-20,'000717,…ÿ∏÷À……Ω,8.17,8.69,8.07,8.65,8.63,-0.46,-5.3302,83710724,693790241.66
2017-12-19,'000717,…ÿ∏÷À……Ω,8.63,8.73,8.56,8.68,8.68,-0.05,-0.576,45036131,389042641.17
2017-12-18,'000717,…ÿ∏÷À……Ω,8.68,8.78,8.42,8.55,8.41,0.27,3.2105,87681865,753915436.49
2017-12-15,'000717,…ÿ∏÷À……Ω,8.41,8.95,8.32,8.86,8.91,-0.5,-5.6117,104052045,892781698.74
2017-12-14,'000717,…ÿ∏÷À……Ω,8.91,9.04,8.8,8.85,8.86,0.05,0.5643,64987888,579204560.29
2017-12-13,'000717,…ÿ∏÷À……Ω,8.86,9.01,8.65,8.9,9.04,-0.18,-1.9912,86222994,760697873.92
2017-12-12,'000717,…ÿ∏÷À……Ω,9.04,9.44,9.03,9.25,9.26,-0.22,-2.3758,88244729,812838123.57
2017-12-11,'000717,…ÿ∏÷À……Ω,9.26,9.4,9.03,9.35,9.31,-0.05,-0.5371,89103049,818545294.44
2017-12-08,'000717,…ÿ∏÷À……Ω,9.31,9.4,8.77,8.85,9.03,0.28,3.1008,123086833,1120462589.88
2017-12-07,'000717,…ÿ∏÷À……Ω,9.03,9.48,8.96,9.4,9.53,-0.5,-5.2466,108816899,1002674261.11
2017-12-06,'000717,…ÿ∏÷À……Ω,9.53,9.77,9.02,9.66,9.81,-0.28,-2.8542,132397667,1246171483.54
2017-12-05,'000717,…ÿ∏÷À……Ω,9.81,10.44,9.35,10.2,10.05,-0.24,-2.3881,128969546,1286367284.72
2017-12-04,'000717,…ÿ∏÷À……Ω,10.05,10.85,10.03,10.53,10.52,-0.47,-4.4677,119636701,1246636698.31
2017-12-01,'000717,…ÿ∏÷À……Ω,10.52,10.55,10.05,10.26,10.28,0.24,2.3346,112354851,1151528145.73
2017-11-30,'000717,…ÿ∏÷À……Ω,10.28,10.72,10.24,10.38,10.45,-0.17,-1.6268,139582594,1459012583.3
2017-11-29,'000717,…ÿ∏÷À……Ω,10.45,10.67,9.93,10.05,9.96,0.49,4.9197,223864145,2293720771.35
2017-11-28,'000717,…ÿ∏÷À……Ω,9.96,9.96,8.76,8.99,9.05,0.91,10.0552,188822988,1805779165.5
2017-11-27,'000717,…ÿ∏÷À……Ω,9.05,9.5,9.01,9.25,9.0,0.05,0.5556,121834405,1130320029.39
2017-11-24,'000717,…ÿ∏÷À……Ω,9.0,9.0,8.5,8.53,8.76,0.24,2.7397,71767129,634212763.45
2017-11-23,'000717,…ÿ∏÷À……Ω,8.76,9.15,8.68,8.86,8.79,-0.03,-0.3413,102223539,916799583.14
2017-11-22,'000717,…ÿ∏÷À……Ω,8.79,8.83,8.54,8.7,8.51,0.28,3.2902,83725491,730727172.74
2017-11-21,'000717,…ÿ∏÷À……Ω,8.51,8.95,8.4,8.57,8.55,-0.04,-0.4678,74826294,648478838.74
2017-11-20,'000717,…ÿ∏÷À……Ω,8.55,8.71,8.12,8.2,8.4,0.15,1.7857,76198068,643031335.39
2017-11-17,'000717,…ÿ∏÷À……Ω,8.4,9.15,8.32,9.15,9.24,-0.84,-9.0909,121657023,1056453052.86
2017-11-16,'000717,…ÿ∏÷À……Ω,9.24,9.39,8.83,9.07,9.06,0.18,1.9868,83796650,765949516.06
2017-11-15,'000717,…ÿ∏÷À……Ω,9.06,9.34,9.03,9.11,9.35,-0.29,-3.1016,76851856,703180864.87
2017-11-14,'000717,…ÿ∏÷À……Ω,9.35,9.7,9.27,9.3,9.12,0.23,2.5219,138644636,1309204794.18
2017-11-13,'000717,…ÿ∏÷À……Ω,9.12,9.28,8.41,8.46,8.46,0.66,7.8014,127710493,1132706558.24
2017-11-10,'000717,…ÿ∏÷À……Ω,8.46,8.56,8.36,8.53,8.57,-0.11,-1.2835,50473059,425409833.66
2017-11-09,'000717,…ÿ∏÷À……Ω,8.57,8.95,8.5,8.72,8.56,0.01,0.1168,70005618,609494130.89
2017-11-08,'000717,…ÿ∏÷À……Ω,8.56,8.75,8.35,8.41,8.65,-0.09,-1.0405,80808798,691911018.28
2017-11-07,'000717,…ÿ∏÷À……Ω,8.65,8.98,8.05,8.1,8.17,0.48,5.8752,159510641,1362902081.89
2017-11-06,'000717,…ÿ∏÷À……Ω,8.17,8.2,7.51,7.82,7.71,0.46,5.9663,99028009,786250401.19
2017-11-03,'000717,…ÿ∏÷À……Ω,7.71,8.1,7.6,7.97,7.95,-0.24,-3.0189,65153823,509354260.96
2017-11-02,'000717,…ÿ∏÷À……Ω,7.95,8.03,7.69,7.72,7.69,0.26,3.381,75218957,595194352.94
2017-11-01,'000717,…ÿ∏÷À……Ω,7.69,7.92,7.65,7.68,7.61,0.08,1.0512,51124767,398578772.24
2017-10-31,'000717,…ÿ∏÷À……Ω,7.61,7.65,7.44,7.5,7.54,0.07,0.9284,34355813,259806687.03
2017-10-30,'000717,…ÿ∏÷À……Ω,7.54,7.93,7.5,7.89,7.95,-0.41,-5.1572,45982808,351321431.42
2017-10-27,'000717,…ÿ∏÷À……Ω,7.95,8.05,7.76,7.91,7.96,-0.01,-0.1256,47727872,377104722.93
2017-10-26,'000717,…ÿ∏÷À……Ω,7.96,8.05,7.56,7.62,7.69,0.27,3.5111,67523062,531892897.59
2017-10-25,'000717,…ÿ∏÷À……Ω,7.69,7.87,7.62,7.76,7.75,-0.06,-0.7742,31451896,242350457.35
2017-10-24,'000717,…ÿ∏÷À……Ω,7.75,7.96,7.64,7.65,7.63,0.12,1.5727,48526017,378864266.05
2017-10-23,'000717,…ÿ∏÷À……Ω,7.63,7.68,7.46,7.62,7.67,-0.04,-0.5215,30133950,228659616.39
2017-10-20,'000717,…ÿ∏÷À……Ω,7.67,7.69,7.3,7.31,7.31,0.36,4.9248,52558334,396721991.32
2017-10-19,'000717,…ÿ∏÷À……Ω,7.31,7.44,7.11,7.25,7.37,-0.06,-0.8141,45982833,335952561.18
2017-10-18,'000717,…ÿ∏÷À……Ω,7.37,7.82,7.35,7.75,7.78,-0.41,-5.2699,59888040,454879344.64
2017-10-17,'000717,…ÿ∏÷À……Ω,7.78,7.88,7.7,7.88,8.02,-0.24,-2.9925,44772654,349007950.3
2017-10-16,'000717,…ÿ∏÷À……Ω,8.02,8.24,7.9,8.03,8.0,0.02,0.25,60808741,491115620.81
2017-10-13,'000717,…ÿ∏÷À……Ω,8.0,8.1,7.85,7.96,8.0,0.0,0.0,55566610,442479704.43
2017-10-12,'000717,…ÿ∏÷À……Ω,8.0,8.07,7.6,7.79,7.77,0.23,2.9601,66630435,521503067.35
2017-10-11,'000717,…ÿ∏÷À……Ω,7.77,7.98,7.68,7.89,7.89,-0.12,-1.5209,58675773,458550182.54
2017-10-10,'000717,…ÿ∏÷À……Ω,7.89,8.17,7.85,8.11,8.3,-0.41,-4.9398,88984384,706581233.17
2017-10-09,'000717,…ÿ∏÷À……Ω,8.3,8.62,8.27,8.55,8.23,0.07,0.8505,101818599,859092528.78
2017-09-29,'000717,…ÿ∏÷À……Ω,8.23,8.29,7.99,7.99,7.99,0.24,3.0038,82116239,671300421.71
2017-09-28,'000717,…ÿ∏÷À……Ω,7.99,8.15,7.98,8.15,8.25,-0.26,-3.1515,91538755,736987608.11
2017-09-27,'000717,…ÿ∏÷À……Ω,8.25,8.39,7.93,8.07,7.87,0.38,4.8285,152132646,1246521826.4
2017-09-26,'000717,…ÿ∏÷À……Ω,7.87,8.06,7.76,7.79,7.72,0.15,1.943,95364023,754809064.7
2017-09-25,'000717,…ÿ∏÷À……Ω,7.72,7.95,7.69,7.79,7.77,-0.05,-0.6435,72793447,568302005.37
2017-09-22,'000717,…ÿ∏÷À……Ω,7.77,8.05,7.6,7.81,8.04,-0.27,-3.3582,113335138,884621989.6
2017-09-21,'000717,…ÿ∏÷À……Ω,8.04,8.37,8.04,8.23,8.33,-0.29,-3.4814,96783608,792865029.66
2017-09-20,'000717,…ÿ∏÷À……Ω,8.33,8.35,7.85,8.2,8.15,0.18,2.2086,147448761,1196787660.1
2017-09-19,'000717,…ÿ∏÷À……Ω,8.15,8.34,8.12,8.25,8.24,-0.09,-1.0922,86980728,715869638.76
2017-09-18,'000717,…ÿ∏÷À……Ω,8.24,8.29,8.06,8.18,8.2,0.04,0.4878,110134225,899729243.69
2017-09-15,'000717,…ÿ∏÷À……Ω,8.2,8.73,8.03,8.67,8.75,-0.55,-6.2857,155060053,1291544956.62
2017-09-14,'000717,…ÿ∏÷À……Ω,8.75,9.23,8.71,9.1,9.19,-0.44,-4.7878,131930235,1177259789.36
2017-09-13,'000717,…ÿ∏÷À……Ω,9.19,9.45,9.01,9.01,9.11,0.08,0.8782,145316688,1340686614.88
2017-09-12,'000717,…ÿ∏÷À……Ω,9.11,9.78,8.93,9.69,9.57,-0.46,-4.8067,225992184,2087287943.41
2017-09-11,'000717,…ÿ∏÷À……Ω,9.57,9.57,8.71,8.72,8.94,0.63,7.047,209801726,1930394652.91
2017-09-08,'000717,…ÿ∏÷À……Ω,8.94,9.34,8.74,8.87,8.99,-0.05,-0.5562,158659405,1429758485.4
2017-09-07,'000717,…ÿ∏÷À……Ω,8.99,8.99,8.5,8.7,8.8,0.19,2.1591,167359438,1464575242.24
2017-09-06,'000717,…ÿ∏÷À……Ω,8.8,9.05,8.66,8.76,8.98,-0.18,-2.0045,154730548,1373352443.91
2017-09-05,'000717,…ÿ∏÷À……Ω,8.98,9.1,8.61,8.8,8.8,0.18,2.0455,178300081,1583094407.63
2017-09-04,'000717,…ÿ∏÷À……Ω,8.8,9.54,8.67,9.45,9.08,-0.28,-3.0837,276777308,2523852410.72
2017-09-01,'000717,…ÿ∏÷À……Ω,9.08,9.08,8.19,8.3,8.25,0.83,10.0606,224075609,1953241978.52
2017-08-31,'000717,…ÿ∏÷À……Ω,8.25,8.45,7.94,8.28,7.9,0.35,4.4304,229496236,1878005910.36
2017-08-30,'000717,…ÿ∏÷À……Ω,7.9,7.9,7.41,7.52,7.18,0.72,10.0279,219507540,1708906876.72
2017-08-29,'000717,…ÿ∏÷À……Ω,7.18,7.26,6.68,6.8,6.6,0.58,8.7879,195045346,1384462526.71
2017-08-28,'000717,…ÿ∏÷À……Ω,6.6,6.68,6.38,6.48,6.37,0.23,3.6107,127727090,832551590.27
2017-08-25,'000717,…ÿ∏÷À……Ω,6.37,6.37,5.88,5.89,5.79,0.58,10.0173,106933176,670140733.37
2017-08-24,'000717,…ÿ∏÷À……Ω,5.79,6.03,5.76,5.92,5.92,-0.13,-2.1959,20391573,120485852.04
2017-08-23,'000717,…ÿ∏÷À……Ω,5.92,6.14,5.89,5.93,6.15,-0.23,-3.7398,32146183,192742973.55
2017-08-22,'000717,…ÿ∏÷À……Ω,6.15,6.29,6.05,6.14,6.19,-0.04,-0.6462,41716496,257383463.54
2017-08-21,'000717,…ÿ∏÷À……Ω,6.19,6.2,5.8,5.82,5.81,0.38,6.5404,53939803,327310560.06
2017-08-18,'000717,…ÿ∏÷À……Ω,5.81,5.84,5.66,5.72,5.75,0.06,1.0435,23758004,136760129.99
2017-08-17,'000717,…ÿ∏÷À……Ω,5.75,5.85,5.68,5.72,5.65,0.1,1.7699,29448789,169877888.27
2017-08-16,'000717,…ÿ∏÷À……Ω,5.65,5.74,5.55,5.68,5.68,-0.03,-0.5282,20840326,117647129.49
2017-08-15,'000717,…ÿ∏÷À……Ω,5.68,5.75,5.52,5.69,5.75,-0.07,-1.2174,31313411,177097181.83
2017-08-14,'000717,…ÿ∏÷À……Ω,5.75,5.91,5.64,5.74,5.74,0.01,0.1742,53822850,309671323.11
2017-08-11,'000717,…ÿ∏÷À……Ω,5.74,6.23,5.74,6.2,6.38,-0.64,-10.0313,81883698,489531067.47
2017-08-10,'000717,…ÿ∏÷À……Ω,6.38,6.59,6.32,6.5,6.62,-0.24,-3.6254,48037264,309577040.14
2017-08-09,'000717,…ÿ∏÷À……Ω,6.62,6.67,6.2,6.33,6.37,0.25,3.9246,88046893,567318865.45
2017-08-08,'000717,…ÿ∏÷À……Ω,6.37,6.79,6.3,6.69,6.65,-0.28,-4.2105,107506971,706870791.44
2017-08-07,'000717,…ÿ∏÷À……Ω,6.65,6.75,6.27,6.57,6.3,0.35,5.5556,128469201,838464621.92
2017-08-04,'000717,…ÿ∏÷À……Ω,6.3,6.81,6.28,6.3,6.27,0.03,0.4785,111102315,727765212.24
2017-08-03,'000717,…ÿ∏÷À……Ω,6.27,6.3,5.86,5.9,5.97,0.3,5.0251,88614926,544055233.28
2017-08-02,'000717,…ÿ∏÷À……Ω,5.97,6.11,5.72,5.72,5.71,0.26,4.5534,71087873,422559656.16
2017-08-01,'000717,…ÿ∏÷À……Ω,5.71,5.86,5.69,5.86,5.87,-0.16,-2.7257,32974393,190039078.28
2017-07-31,'000717,…ÿ∏÷À……Ω,5.87,5.88,5.62,5.64,5.64,0.23,4.078,45993504,266133163.57
2017-07-28,'000717,…ÿ∏÷À……Ω,5.64,5.65,5.45,5.5,5.52,0.12,2.1739,22184908,123331101.58
2017-07-27,'000717,…ÿ∏÷À……Ω,5.52,5.57,5.43,5.5,5.49,0.03,0.5464,17487044,96182536.97
2017-07-26,'000717,…ÿ∏÷À……Ω,5.49,5.59,5.45,5.53,5.5,-0.01,-0.1818,14179308,78073354.09
2017-07-25,'000717,…ÿ∏÷À……Ω,5.5,5.58,5.4,5.56,5.55,-0.05,-0.9009,17834698,97645926.14
2017-07-24,'000717,…ÿ∏÷À……Ω,5.55,5.68,5.53,5.62,5.63,-0.08,-1.421,19068004,106489303.02
2017-07-21,'000717,…ÿ∏÷À……Ω,5.63,5.77,5.53,5.73,5.73,-0.1,-1.7452,25742047,144610126.32
2017-07-20,'000717,…ÿ∏÷À……Ω,5.73,5.9,5.72,5.83,5.86,-0.13,-2.2184,24445928,141178334.44
2017-07-19,'000717,…ÿ∏÷À……Ω,5.86,5.91,5.57,5.6,5.63,0.23,4.0853,44433698,257093039.11
2017-07-18,'000717,…ÿ∏÷À……Ω,5.63,5.63,5.37,5.45,5.48,0.15,2.7372,25530878,141068835.89
2017-07-17,'000717,…ÿ∏÷À……Ω,5.48,5.69,5.41,5.58,5.63,-0.15,-2.6643,28996973,160691949.15
2017-07-14,'000717,…ÿ∏÷À……Ω,5.63,5.72,5.5,5.5,5.42,0.21,3.8745,31904677,178840424.07
2017-07-13,'000717,…ÿ∏÷À……Ω,5.42,5.66,5.4,5.63,5.5,-0.08,-1.4545,20936061,115367551.22
2017-07-12,'000717,…ÿ∏÷À……Ω,5.5,5.61,5.24,5.48,5.47,0.03,0.5484,27976929,151928302.74
2017-07-11,'000717,…ÿ∏÷À……Ω,5.47,5.72,5.44,5.53,5.55,-0.08,-1.4414,25600943,141698366.44
2017-07-10,'000717,…ÿ∏÷À……Ω,5.55,5.7,5.44,5.46,5.48,0.07,1.2774,26814015,149972194.12
2017-07-07,'000717,…ÿ∏÷À……Ω,5.48,5.5,5.31,5.31,5.35,0.13,2.4299,21956505,118758140.0
2017-07-06,'000717,…ÿ∏÷À……Ω,5.35,5.42,5.22,5.27,5.27,0.08,1.518,26074049,138914720.1
2017-07-05,'000717,…ÿ∏÷À……Ω,5.27,5.31,5.03,5.03,5.05,0.22,4.3564,29415358,153339963.69
2017-07-04,'000717,…ÿ∏÷À……Ω,5.05,5.2,5.03,5.11,5.08,-0.03,-0.5906,18209612,92994977.91
2017-07-03,'000717,…ÿ∏÷À……Ω,5.08,5.11,4.87,4.87,4.87,0.21,4.3121,28057319,141813345.22
2017-06-30,'000717,…ÿ∏÷À……Ω,4.87,4.92,4.76,4.79,4.78,0.09,1.8828,11375020,55304681.78
2017-06-29,'000717,…ÿ∏÷À……Ω,4.78,4.83,4.73,4.8,4.8,-0.02,-0.4167,7370510,35214924.6
2017-06-28,'000717,…ÿ∏÷À……Ω,4.8,4.88,4.74,4.74,4.76,0.04,0.8403,8901744,42899710.96
2017-06-27,'000717,…ÿ∏÷À……Ω,4.76,4.8,4.73,4.76,4.77,-0.01,-0.2096,5467793,26048626.83
2017-06-26,'000717,…ÿ∏÷À……Ω,4.77,4.77,4.65,4.66,4.66,0.11,2.3605,8911409,42052835.77
2017-06-23,'000717,…ÿ∏÷À……Ω,4.66,4.74,4.58,4.67,4.7,-0.04,-0.8511,7891044,36733809.77
2017-06-22,'000717,…ÿ∏÷À……Ω,4.7,4.88,4.68,4.84,4.84,-0.14,-2.8926,9607665,45868926.68
2017-06-21,'000717,…ÿ∏÷À……Ω,4.84,4.99,4.82,4.86,4.87,-0.03,-0.616,8632600,42127501.0
2017-06-20,'000717,…ÿ∏÷À……Ω,4.87,5.1,4.71,4.75,4.76,0.11,2.3109,23091740,114285778.67
2017-06-19,'000717,…ÿ∏÷À……Ω,4.76,4.78,4.57,4.58,4.58,0.18,3.9301,12624145,59242608.98
2017-06-16,'000717,…ÿ∏÷À……Ω,4.58,4.64,4.56,4.63,4.62,-0.04,-0.8658,5149587,23731700.91
2017-06-15,'000717,…ÿ∏÷À……Ω,4.62,4.64,4.54,4.57,4.58,0.04,0.8734,4874901,22460182.61
2017-06-14,'000717,…ÿ∏÷À……Ω,4.58,4.59,4.5,4.53,4.54,0.04,0.8811,5489034,25015985.38
2017-06-13,'000717,…ÿ∏÷À……Ω,4.54,4.58,4.46,4.5,4.51,0.03,0.6652,5254238,23784676.48
2017-06-12,'000717,…ÿ∏÷À……Ω,4.51,4.62,4.5,4.62,4.64,-0.13,-2.8017,7700100,34999294.0
2017-06-09,'000717,…ÿ∏÷À……Ω,4.64,4.66,4.57,4.66,4.67,-0.03,-0.6424,8374101,38611859.8
2017-06-08,'000717,…ÿ∏÷À……Ω,4.67,4.73,4.65,4.7,4.72,-0.05,-1.0593,8190002,38368571.31
2017-06-07,'000717,…ÿ∏÷À……Ω,4.72,4.73,4.62,4.65,4.64,0.08,1.7241,7920388,37140860.38
2017-06-06,'000717,…ÿ∏÷À……Ω,4.64,4.65,4.6,4.65,4.66,-0.02,-0.4292,3105576,14376114.46
2017-06-05,'000717,…ÿ∏÷À……Ω,4.66,4.7,4.6,4.64,4.64,0.02,0.431,5891968,27309129.14
2017-06-02,'000717,…ÿ∏÷À……Ω,4.64,4.72,4.45,4.68,4.69,-0.05,-1.0661,13897450,63577701.32
2017-06-01,'000717,…ÿ∏÷À……Ω,4.69,4.82,4.68,4.75,4.75,-0.06,-1.2632,6919429,32919713.79
2017-05-31,'000717,…ÿ∏÷À……Ω,4.75,4.92,4.75,4.85,4.81,-0.06,-1.2474,9659844,46593521.91
2017-05-26,'000717,…ÿ∏÷À……Ω,4.81,4.88,4.79,4.84,4.84,-0.03,-0.6198,5758300,27767830.27
2017-05-25,'000717,…ÿ∏÷À……Ω,4.84,4.91,4.71,4.82,4.83,0.01,0.207,9371384,45213624.18
2017-05-24,'000717,…ÿ∏÷À……Ω,4.83,4.86,4.7,4.84,4.88,-0.05,-1.0246,8551000,40942626.0
2017-05-23,'000717,…ÿ∏÷À……Ω,4.88,5.12,4.83,5.08,5.13,-0.25,-4.8733,15931948,78316071.24
2017-05-22,'000717,…ÿ∏÷À……Ω,5.13,5.26,5.11,5.15,5.15,-0.02,-0.3883,10804610,55930024.8
2017-05-19,'000717,…ÿ∏÷À……Ω,5.15,5.23,5.15,5.17,5.16,-0.01,-0.1938,7390854,38372594.64
2017-05-18,'000717,…ÿ∏÷À……Ω,5.16,5.26,5.06,5.13,5.18,-0.02,-0.3861,10791528,56110215.31
2017-05-17,'000717,…ÿ∏÷À……Ω,5.18,5.32,5.11,5.16,5.16,0.02,0.3876,17382059,90653312.98
2017-05-16,'000717,…ÿ∏÷À……Ω,5.16,5.2,4.76,4.76,4.74,0.42,8.8608,20166314,100962539.23
2017-05-15,'000717,…ÿ∏÷À……Ω,4.74,4.83,4.71,4.79,4.78,-0.04,-0.8368,5995800,28586651.0
2017-05-12,'000717,…ÿ∏÷À……Ω,4.78,4.84,4.75,4.8,4.8,-0.02,-0.4167,6535390,31320416.3
2017-05-11,'000717,…ÿ∏÷À……Ω,4.8,4.88,4.73,4.88,4.89,-0.09,-1.8405,9415740,45105158.6
2017-05-10,'000717,…ÿ∏÷À……Ω,4.89,5.06,4.85,5.0,4.99,-0.1,-2.004,5534900,27411462.0
2017-05-09,'000717,…ÿ∏÷À……Ω,4.99,5.04,4.82,5.02,5.02,-0.03,-0.5976,10860566,53590972.78
2017-05-08,'000717,…ÿ∏÷À……Ω,5.02,5.13,4.97,5.11,5.16,-0.14,-2.7132,10526694,52909905.89
2017-05-05,'000717,…ÿ∏÷À……Ω,5.16,5.3,5.14,5.15,5.19,-0.03,-0.578,11424374,59388920.29
2017-05-04,'000717,…ÿ∏÷À……Ω,5.19,5.25,5.05,5.07,5.09,0.1,1.9646,12512849,64798704.99
2017-05-03,'000717,…ÿ∏÷À……Ω,5.09,5.18,4.89,4.94,4.93,0.16,3.2454,13530143,68681615.64
2017-05-02,'000717,…ÿ∏÷À……Ω,4.93,4.95,4.86,4.94,4.93,0.0,0.0,4400429,21568124.52
2017-04-28,'000717,…ÿ∏÷À……Ω,4.93,4.95,4.83,4.84,4.84,0.09,1.8595,7897991,38759605.87
2017-04-27,'000717,…ÿ∏÷À……Ω,4.84,4.89,4.66,4.85,4.81,0.03,0.6237,12029630,57527152.89
2017-04-26,'000717,…ÿ∏÷À……Ω,4.81,4.95,4.76,4.9,4.9,-0.09,-1.8367,10924665,52743825.38
2017-04-25,'000717,…ÿ∏÷À……Ω,4.9,5.05,4.89,5.0,4.97,-0.07,-1.4085,6567110,32717629.98
2017-04-24,'000717,…ÿ∏÷À……Ω,4.97,5.16,4.66,5.12,5.12,-0.15,-2.9297,17543170,86445994.39
2017-04-21,'000717,…ÿ∏÷À……Ω,5.12,5.14,5.06,5.11,5.08,0.04,0.7874,6084990,31056330.03
2017-04-20,'000717,…ÿ∏÷À……Ω,5.08,5.17,5.02,5.04,5.07,0.01,0.1972,8151570,41482144.67
2017-04-19,'000717,…ÿ∏÷À……Ω,5.07,5.36,4.94,5.36,5.39,-0.32,-5.9369,21779325,111300464.76
2017-04-18,'000717,…ÿ∏÷À……Ω,5.39,5.53,5.35,5.5,5.5,-0.11,-2.0,7835704,42517864.63
2017-04-17,'000717,…ÿ∏÷À……Ω,5.5,5.64,5.38,5.6,5.67,-0.17,-2.9982,11271810,61860046.87
2017-04-14,'000717,…ÿ∏÷À……Ω,5.67,5.78,5.54,5.63,5.65,0.02,0.354,13916373,78731414.1
2017-04-13,'000717,…ÿ∏÷À……Ω,5.65,5.78,5.63,5.69,5.78,-0.13,-2.2491,16873277,95857288.8
2017-04-12,'000717,…ÿ∏÷À……Ω,5.78,5.99,5.72,5.9,5.71,0.07,1.2259,33154121,193485540.97
2017-04-11,'000717,…ÿ∏÷À……Ω,5.71,5.89,5.3,5.5,5.52,0.19,3.442,28643699,157991408.06
2017-04-10,'000717,…ÿ∏÷À……Ω,5.52,5.6,5.48,5.54,5.5,0.02,0.3636,9507837,52690725.98
2017-04-07,'000717,…ÿ∏÷À……Ω,5.5,5.6,5.48,5.55,5.59,-0.09,-1.61,15895989,87638291.61
2017-04-06,'000717,…ÿ∏÷À……Ω,5.59,5.73,5.53,5.58,5.62,-0.03,-0.5338,14503744,81572781.46
2017-04-05,'000717,…ÿ∏÷À……Ω,5.62,6.1,5.5,5.94,5.78,-0.16,-2.7682,33597017,191335147.77
2017-03-31,'000717,*ST…ÿ∏÷,0.0,0.0,0.0,0.0,5.78,None,None,0,0.0
2017-03-30,'000717,*ST…ÿ∏÷,5.78,5.99,5.75,5.76,5.75,0.03,0.5217,22620079,132089120.19
2017-03-29,'000717,*ST…ÿ∏÷,5.75,5.75,5.56,5.56,5.48,0.27,4.927,25141260,143995269.23
2017-03-28,'000717,*ST…ÿ∏÷,5.48,5.6,5.46,5.56,5.61,-0.13,-2.3173,17357500,95360967.83
2017-03-27,'000717,*ST…ÿ∏÷,5.61,5.65,5.45,5.59,5.66,-0.05,-0.8834,16801162,93538733.66
2017-03-24,'000717,*ST…ÿ∏÷,5.66,5.94,5.6,5.89,5.89,-0.23,-3.9049,39160796,222044381.53
2017-03-23,'000717,*ST…ÿ∏÷,5.89,6.01,5.81,5.85,5.85,0.04,0.6838,14806783,87605158.29
2017-03-22,'000717,*ST…ÿ∏÷,5.85,6.03,5.85,6.01,6.05,-0.2,-3.3058,20243452,119672869.98
2017-03-21,'000717,*ST…ÿ∏÷,6.05,6.1,5.98,6.03,6.06,-0.01,-0.165,10745059,65066638.42
2017-03-20,'000717,*ST…ÿ∏÷,6.06,6.11,5.96,6.07,6.09,-0.03,-0.4926,15732598,94845047.3
2017-03-17,'000717,*ST…ÿ∏÷,6.09,6.18,6.07,6.12,6.11,-0.02,-0.3273,12368458,75710102.12
2017-03-16,'000717,*ST…ÿ∏÷,6.11,6.14,6.06,6.08,6.11,0.0,0.0,11215698,68398223.8
2017-03-15,'000717,*ST…ÿ∏÷,6.11,6.18,6.05,6.07,6.07,0.04,0.659,14022138,85434985.65
2017-03-14,'000717,*ST…ÿ∏÷,6.07,6.22,6.05,6.22,6.2,-0.13,-2.0968,15432839,94522125.71
2017-03-13,'000717,*ST…ÿ∏÷,6.2,6.25,6.13,6.22,6.18,0.02,0.3236,17222927,106780276.19
2017-03-10,'000717,*ST…ÿ∏÷,6.18,6.24,6.1,6.22,6.2,-0.02,-0.3226,14747110,90741710.6
2017-03-09,'000717,*ST…ÿ∏÷,6.2,6.28,6.1,6.15,6.15,0.05,0.813,16132746,99834874.66
2017-03-08,'000717,*ST…ÿ∏÷,6.15,6.2,6.11,6.18,6.17,-0.02,-0.3241,9752302,59971822.89
2017-03-07,'000717,*ST…ÿ∏÷,6.17,6.28,6.16,6.19,6.23,-0.06,-0.9631,17119441,106440193.28
2017-03-06,'000717,*ST…ÿ∏÷,6.23,6.24,6.05,6.06,6.05,0.18,2.9752,26215560,160985710.22
2017-03-03,'000717,*ST…ÿ∏÷,6.05,6.05,5.95,6.01,6.02,0.03,0.4983,9467016,56854230.3
2017-03-02,'000717,*ST…ÿ∏÷,6.02,6.1,5.99,6.02,6.03,-0.01,-0.1658,12358072,74836359.3
2017-03-01,'000717,*ST…ÿ∏÷,6.03,6.09,5.92,5.93,5.92,0.11,1.8581,18094436,109211564.84
2017-02-28,'000717,*ST…ÿ∏÷,5.92,5.95,5.87,5.91,5.93,-0.01,-0.1686,8986449,53148053.9
2017-02-27,'000717,*ST…ÿ∏÷,5.93,5.99,5.91,5.99,5.96,-0.03,-0.5034,9999764,59354574.5
2017-02-24,'000717,*ST…ÿ∏÷,5.96,5.96,5.81,5.87,5.88,0.08,1.3605,10655711,62860182.11
2017-02-23,'000717,*ST…ÿ∏÷,5.88,5.9,5.74,5.85,5.85,0.03,0.5128,14773132,86143592.55
2017-02-22,'000717,*ST…ÿ∏÷,5.85,5.96,5.81,5.96,5.96,-0.11,-1.8456,17865901,104693547.96
2017-02-21,'000717,*ST…ÿ∏÷,5.96,6.0,5.92,5.98,5.96,0.0,0.0,9120710,54299713.5
2017-02-20,'000717,*ST…ÿ∏÷,5.96,6.0,5.88,5.89,5.91,0.05,0.846,9433815,56045188.8
2017-02-17,'000717,*ST…ÿ∏÷,5.91,6.02,5.88,5.93,5.97,-0.06,-1.005,9535429,56453051.18
2017-02-16,'000717,*ST…ÿ∏÷,5.97,6.04,5.91,5.94,5.93,0.04,0.6745,9669192,57811288.79
2017-02-15,'000717,*ST…ÿ∏÷,5.93,6.11,5.85,6.03,6.05,-0.12,-1.9835,16642350,99731048.93
2017-02-14,'000717,*ST…ÿ∏÷,6.05,6.17,6.01,6.15,6.1,-0.05,-0.8197,17376106,105745767.93
2017-02-13,'000717,*ST…ÿ∏÷,6.1,6.1,5.83,5.86,5.81,0.29,4.9914,31318478,188113318.67
2017-02-10,'000717,*ST…ÿ∏÷,5.81,5.85,5.68,5.76,5.75,0.06,1.0435,13470199,77946297.19
2017-02-09,'000717,*ST…ÿ∏÷,5.75,5.84,5.68,5.7,5.7,0.05,0.8772,10040300,57823913.96
2017-02-08,'000717,*ST…ÿ∏÷,5.7,5.76,5.55,5.75,5.76,-0.06,-1.0417,14851205,83627482.3
2017-02-07,'000717,*ST…ÿ∏÷,5.76,5.85,5.75,5.78,5.8,-0.04,-0.6897,6300912,36453088.12
2017-02-06,'000717,*ST…ÿ∏÷,5.8,5.86,5.78,5.83,5.86,-0.06,-1.0239,8048622,46767996.6
2017-02-03,'000717,*ST…ÿ∏÷,5.86,5.89,5.77,5.81,5.84,0.02,0.3425,6723201,39178204.73
2017-01-26,'000717,*ST…ÿ∏÷,5.84,5.88,5.77,5.77,5.78,0.06,1.0381,8226044,47934249.78
2017-01-25,'000717,*ST…ÿ∏÷,5.78,5.95,5.73,5.81,5.84,-0.06,-1.0274,13549918,78951171.01
2017-01-24,'000717,*ST…ÿ∏÷,5.84,5.9,5.67,5.7,5.7,0.14,2.4561,23655689,137440628.87
2017-01-23,'000717,*ST…ÿ∏÷,5.7,5.7,5.42,5.42,5.43,0.27,4.9724,20606148,116258918.76
2017-01-20,'000717,*ST…ÿ∏÷,5.43,5.46,5.34,5.39,5.39,0.04,0.7421,6454100,34999389.0
2017-01-19,'000717,*ST…ÿ∏÷,5.39,5.45,5.35,5.4,5.44,-0.05,-0.9191,5033200,27119403.0
2017-01-18,'000717,*ST…ÿ∏÷,5.44,5.48,5.26,5.31,5.31,0.13,2.4482,11001833,59409427.19
2017-01-17,'000717,*ST…ÿ∏÷,5.31,5.32,5.19,5.28,5.29,0.02,0.3781,11027035,57998029.12
2017-01-16,'000717,*ST…ÿ∏÷,5.29,5.56,5.18,5.38,5.45,-0.16,-2.9358,21721757,116097092.79
2017-01-13,'000717,*ST…ÿ∏÷,5.45,5.51,5.22,5.49,5.49,-0.04,-0.7286,27825538,149275908.45
2017-01-12,'000717,*ST…ÿ∏÷,5.49,5.71,5.44,5.71,5.68,-0.19,-3.3451,20053132,111712818.0
2017-01-11,'000717,*ST…ÿ∏÷,5.68,5.76,5.62,5.69,5.72,-0.04,-0.6993,9083206,51761058.08
2017-01-10,'000717,*ST…ÿ∏÷,5.72,5.79,5.69,5.7,5.7,0.02,0.3509,9727607,55829099.16
2017-01-09,'000717,*ST…ÿ∏÷,5.7,5.77,5.66,5.69,5.68,0.02,0.3521,9762375,55902125.67
2017-01-06,'000717,*ST…ÿ∏÷,5.68,5.77,5.58,5.6,5.63,0.05,0.8881,11756084,66993533.93
2017-01-05,'000717,*ST…ÿ∏÷,5.63,5.86,5.55,5.85,5.83,-0.2,-3.4305,22344337,127249736.73
2017-01-04,'000717,*ST…ÿ∏÷,5.83,5.91,5.82,5.88,5.82,0.01,0.1718,14172705,83183344.24
2017-01-03,'000717,*ST…ÿ∏÷,5.82,5.87,5.65,5.69,5.65,0.17,3.0088,16538970,95829699.28
2016-12-30,'000717,*ST…ÿ∏÷,5.65,5.71,5.56,5.59,5.59,0.06,1.0733,13896597,78201626.48
2016-12-29,'000717,*ST…ÿ∏÷,5.59,5.87,5.57,5.75,5.8,-0.21,-3.6207,17433709,99616219.54
2016-12-28,'000717,*ST…ÿ∏÷,5.8,5.94,5.66,5.79,5.78,0.02,0.346,19091270,110774216.6
2016-12-27,'000717,*ST…ÿ∏÷,5.78,5.92,5.65,5.68,5.68,0.1,1.7606,27365483,159099301.14
2016-12-26,'000717,*ST…ÿ∏÷,5.68,5.68,5.31,5.35,5.42,0.26,4.797,22769265,125318344.85
2016-12-23,'000717,*ST…ÿ∏÷,5.42,5.72,5.42,5.54,5.49,-0.07,-1.275,27768179,154923788.26
2016-12-22,'000717,*ST…ÿ∏÷,5.49,5.49,5.2,5.21,5.23,0.26,4.9713,21896440,118415554.62
2016-12-21,'000717,*ST…ÿ∏÷,5.23,5.28,5.2,5.27,5.26,-0.03,-0.5703,7733401,40490231.23
2016-12-20,'000717,*ST…ÿ∏÷,5.26,5.3,5.18,5.3,5.26,0.0,0.0,9095383,47499903.16
2016-12-19,'000717,*ST…ÿ∏÷,5.26,5.33,5.24,5.33,5.24,0.02,0.3817,8524921,45016779.04
2016-12-16,'000717,*ST…ÿ∏÷,5.24,5.29,5.2,5.28,5.24,0.0,0.0,9171268,48123439.64
2016-12-15,'000717,*ST…ÿ∏÷,5.24,5.29,5.05,5.11,5.16,0.08,1.5504,13801169,72062649.29
2016-12-14,'000717,*ST…ÿ∏÷,5.16,5.29,5.14,5.26,5.27,-0.11,-2.0873,15421368,80306666.1
2016-12-13,'000717,*ST…ÿ∏÷,5.27,5.29,4.98,5.14,5.15,0.12,2.3301,22172983,114603232.93
2016-12-12,'000717,*ST…ÿ∏÷,5.15,5.37,5.04,5.33,5.27,-0.12,-2.277,33815799,176177854.84
2016-12-09,'000717,*ST…ÿ∏÷,5.27,5.55,5.26,5.51,5.54,-0.27,-4.8736,44872715,238876241.0
2016-12-08,'000717,*ST…ÿ∏÷,5.54,5.74,5.5,5.58,5.59,-0.05,-0.8945,34885597,195560773.72
2016-12-07,'000717,*ST…ÿ∏÷,5.59,5.59,5.25,5.3,5.33,0.26,4.878,37438019,204374600.15
2016-12-06,'000717,*ST…ÿ∏÷,5.33,5.52,5.18,5.45,5.35,-0.02,-0.3738,38716484,206428720.58
2016-12-05,'000717,*ST…ÿ∏÷,5.35,5.36,5.01,5.01,5.1,0.25,4.902,50208416,265777230.23
2016-12-02,'000717,*ST…ÿ∏÷,5.1,5.11,4.83,4.87,4.87,0.23,4.7228,48379487,243825226.28
2016-12-01,'000717,*ST…ÿ∏÷,4.87,4.92,4.72,4.79,4.76,0.11,2.3109,20640934,99310035.43
2016-11-30,'000717,*ST…ÿ∏÷,4.76,4.96,4.69,4.77,4.81,-0.05,-1.0395,30006431,143729559.74
2016-11-29,'000717,*ST…ÿ∏÷,4.81,4.94,4.66,4.68,4.7,0.11,2.3404,45928673,221507394.45
2016-11-28,'000717,*ST…ÿ∏÷,4.7,4.79,4.6,4.63,4.56,0.14,3.0702,54764251,258949186.16
2016-11-25,'000717,*ST…ÿ∏÷,4.56,4.56,4.41,4.41,4.34,0.22,5.0691,39061774,177565953.51
2016-11-24,'000717,*ST…ÿ∏÷,4.34,4.4,4.33,4.33,4.36,-0.02,-0.4587,10390061,45269024.11
2016-11-23,'000717,*ST…ÿ∏÷,4.36,4.42,4.33,4.38,4.38,-0.02,-0.4566,16491282,71904169.68
2016-11-22,'000717,*ST…ÿ∏÷,4.38,4.41,4.34,4.34,4.33,0.05,1.1547,19092857,83513489.53
2016-11-21,'000717,*ST…ÿ∏÷,4.33,4.42,4.32,4.37,4.32,0.01,0.2315,21908913,95565251.96
2016-11-18,'000717,*ST…ÿ∏÷,4.32,4.35,4.18,4.21,4.21,0.11,2.6128,23109708,99338147.9
2016-11-17,'000717,*ST…ÿ∏÷,4.21,4.25,4.18,4.23,4.22,-0.01,-0.237,10931112,45960319.16
2016-11-16,'000717,*ST…ÿ∏÷,4.22,4.33,4.2,4.33,4.3,-0.08,-1.8605,15278200,64967416.88
2016-11-15,'000717,*ST…ÿ∏÷,4.3,4.39,4.25,4.3,4.3,0.0,0.0,15131113,65246395.19
2016-11-14,'000717,*ST…ÿ∏÷,4.3,4.37,4.14,4.16,4.16,0.14,3.3654,26587021,114004536.57
2016-11-11,'000717,*ST…ÿ∏÷,4.16,4.17,4.13,4.15,4.15,0.01,0.241,14761306,61320675.8
2016-11-10,'000717,*ST…ÿ∏÷,4.15,4.18,4.12,4.15,4.12,0.03,0.7282,11073300,45904026.0
2016-11-09,'000717,*ST…ÿ∏÷,4.12,4.19,4.09,4.11,4.12,0.0,0.0,13858851,57381919.11
2016-11-08,'000717,*ST…ÿ∏÷,4.12,4.16,4.11,4.13,4.13,-0.01,-0.2421,8285510,34172572.1
2016-11-07,'000717,*ST…ÿ∏÷,4.13,4.16,4.11,4.15,4.15,-0.02,-0.4819,7579400,31307924.0
2016-11-04,'000717,*ST…ÿ∏÷,4.15,4.17,4.11,4.15,4.15,0.0,0.0,9537374,39347423.15
2016-11-03,'000717,*ST…ÿ∏÷,4.15,4.17,4.08,4.09,4.11,0.04,0.9732,13183684,54552371.56
2016-11-02,'000717,*ST…ÿ∏÷,4.11,4.15,4.08,4.13,4.13,-0.02,-0.4843,11193707,45969445.53
2016-11-01,'000717,*ST…ÿ∏÷,4.13,4.19,4.09,4.1,4.1,0.03,0.7317,9175502,38020914.32
2016-10-31,'000717,*ST…ÿ∏÷,4.1,4.15,4.08,4.09,4.13,-0.03,-0.7264,9544767,39194757.27
2016-10-28,'000717,*ST…ÿ∏÷,4.13,4.28,4.07,4.27,4.28,-0.15,-3.5047,25991696,107801831.14
2016-10-27,'000717,*ST…ÿ∏÷,4.28,4.35,4.25,4.31,4.3,-0.02,-0.4651,11022610,47197982.02
2016-10-26,'000717,*ST…ÿ∏÷,4.3,4.37,4.21,4.26,4.26,0.04,0.939,18090958,77795832.21
2016-10-25,'000717,*ST…ÿ∏÷,4.26,4.3,4.24,4.28,4.26,0.0,0.0,11859700,50432700.0
2016-10-24,'000717,*ST…ÿ∏÷,4.26,4.26,4.2,4.24,4.24,0.02,0.4717,13897445,58905355.76
2016-10-21,'000717,*ST…ÿ∏÷,4.24,4.32,4.12,4.15,4.16,0.08,1.9231,19869800,84246609.85
2016-10-20,'000717,*ST…ÿ∏÷,4.16,4.2,4.13,4.2,4.19,-0.03,-0.716,12975300,53964514.0
2016-10-19,'000717,*ST…ÿ∏÷,4.19,4.26,4.19,4.24,4.22,-0.03,-0.7109,13151732,55386533.98
2016-10-18,'000717,*ST…ÿ∏÷,4.22,4.24,4.11,4.24,4.25,-0.03,-0.7059,20065131,83866333.27
2016-10-17,'000717,*ST…ÿ∏÷,4.25,4.36,4.21,4.3,4.3,-0.05,-1.1628,14274736,61246484.91
2016-10-14,'000717,*ST…ÿ∏÷,4.3,4.38,4.22,4.37,4.35,-0.05,-1.1494,15056117,64566337.3
2016-10-13,'000717,*ST…ÿ∏÷,4.35,4.4,4.32,4.38,4.35,0.0,0.0,14285958,62319638.42
2016-10-12,'000717,*ST…ÿ∏÷,4.35,4.44,4.23,4.33,4.35,0.0,0.0,17505320,76197931.0
2016-10-11,'000717,*ST…ÿ∏÷,4.35,4.43,4.33,4.43,4.44,-0.09,-2.027,20174627,88047814.08
2016-10-10,'000717,*ST…ÿ∏÷,4.44,4.56,4.37,4.45,4.34,0.1,2.3041,22590691,100907429.7
2016-09-30,'000717,*ST…ÿ∏÷,4.34,4.42,4.3,4.35,4.25,0.09,2.1176,17548871,76204480.3
2016-09-29,'000717,*ST…ÿ∏÷,4.25,4.39,4.22,4.36,4.37,-0.12,-2.746,22357740,96036545.09
2016-09-28,'000717,*ST…ÿ∏÷,4.37,4.38,4.17,4.2,4.22,0.15,3.5545,26640350,114684055.95
2016-09-27,'000717,*ST…ÿ∏÷,4.22,4.29,4.13,4.28,4.35,-0.13,-2.9885,44382226,185314293.49
2016-09-26,'000717,*ST…ÿ∏÷,4.35,4.66,4.35,4.56,4.58,-0.23,-5.0218,48919599,217454240.21
2016-09-23,'000717,*ST…ÿ∏÷,4.58,4.61,4.37,4.47,4.43,0.15,3.386,42420063,192369370.81
2016-09-22,'000717,*ST…ÿ∏÷,4.43,4.45,4.19,4.24,4.24,0.19,4.4811,40214291,174739921.31
2016-09-21,'000717,*ST…ÿ∏÷,4.24,4.38,4.19,4.27,4.28,-0.04,-0.9346,29899500,127822731.14
2016-09-20,'000717,*ST…ÿ∏÷,4.28,4.47,4.27,4.38,4.31,-0.03,-0.6961,47183809,206780409.91
2016-09-19,'000717,*ST…ÿ∏÷,4.31,4.31,4.11,4.16,4.1,0.21,5.122,34136088,145640557.32
2016-09-14,'000717,*ST…ÿ∏÷,4.1,4.21,4.05,4.05,4.05,0.05,1.2346,21263734,87764414.01
2016-09-13,'000717,*ST…ÿ∏÷,4.05,4.15,4.01,4.05,4.09,-0.04,-0.978,20111022,81700915.91
2016-09-12,'000717,*ST…ÿ∏÷,4.09,4.27,3.93,3.96,4.07,0.02,0.4914,51997702,214518640.52
2016-09-09,'000717,*ST…ÿ∏÷,4.07,4.1,3.98,4.01,3.91,0.16,4.0921,46099375,186893979.61
2016-09-08,'000717,*ST…ÿ∏÷,3.91,3.91,3.68,3.69,3.72,0.19,5.1075,14630790,56237033.15
2016-09-07,'000717,*ST…ÿ∏÷,3.72,3.72,3.68,3.7,3.69,0.03,0.813,11167525,41322811.84
2016-09-06,'000717,*ST…ÿ∏÷,3.69,3.73,3.63,3.72,3.69,0.0,0.0,13743504,50396112.58
2016-09-05,'000717,*ST…ÿ∏÷,3.69,3.79,3.65,3.79,3.71,-0.02,-0.5391,12916264,47951676.44
2016-09-02,'000717,*ST…ÿ∏÷,3.71,3.73,3.65,3.69,3.69,0.02,0.542,10814641,39878241.73
2016-09-01,'000717,*ST…ÿ∏÷,3.69,3.76,3.64,3.66,3.64,0.05,1.3736,16507811,61344641.89
2016-08-31,'000717,*ST…ÿ∏÷,3.64,3.73,3.61,3.7,3.72,-0.08,-2.1505,19070451,69741479.61
2016-08-30,'000717,*ST…ÿ∏÷,3.72,3.73,3.57,3.6,3.68,0.04,1.087,19620068,72504474.43
2016-08-29,'000717,*ST…ÿ∏÷,3.68,3.88,3.68,3.88,3.87,-0.19,-4.9096,36681841,136484770.69
2016-08-26,'000717,*ST…ÿ∏÷,3.87,3.95,3.83,3.95,3.85,0.02,0.5195,15509402,60027355.72
2016-08-25,'000717,*ST…ÿ∏÷,3.85,3.94,3.81,3.89,3.89,-0.04,-1.0283,23563211,91301863.21
2016-08-24,'000717,*ST…ÿ∏÷,3.89,4.0,3.86,3.86,3.83,0.06,1.5666,25959105,101772755.9
2016-08-23,'000717,*ST…ÿ∏÷,3.83,3.94,3.8,3.88,3.91,-0.08,-2.046,30044517,115592067.73
2016-08-22,'000717,*ST…ÿ∏÷,3.91,4.13,3.9,4.0,4.02,-0.11,-2.7363,41217336,163669559.59
2016-08-19,'000717,*ST…ÿ∏÷,4.02,4.16,3.9,4.15,3.96,0.06,1.5152,85094784,343700850.12
2016-08-18,'000717,*ST…ÿ∏÷,3.96,3.96,3.81,3.86,3.77,0.19,5.0398,14343723,56174160.06
2016-08-17,'000717,*ST…ÿ∏÷,3.77,3.77,3.57,3.6,3.59,0.18,5.0139,20083576,75229907.52
2016-08-16,'000717,*ST…ÿ∏÷,3.59,3.61,3.38,3.43,3.44,0.15,4.3605,40677332,141633450.34
2016-08-15,'000717,*ST…ÿ∏÷,3.44,3.44,3.29,3.31,3.28,0.16,4.878,38247764,130503071.35
2016-08-12,'000717,*ST…ÿ∏÷,3.28,3.35,3.24,3.28,3.28,0.0,0.0,19354956,63513847.56
2016-08-11,'000717,*ST…ÿ∏÷,3.28,3.37,3.25,3.35,3.34,-0.06,-1.7964,39478634,130510066.39
2016-08-10,'000717,*ST…ÿ∏÷,3.34,3.34,3.19,3.19,3.18,0.16,5.0314,56600595,187491873.64
2016-08-09,'000717,*ST…ÿ∏÷,3.18,3.37,3.12,3.34,3.24,-0.06,-1.8519,62111904,201068955.91
2016-08-08,'000717,*ST…ÿ∏÷,3.24,3.24,3.15,3.15,3.09,0.15,4.8544,44553624,143834297.8
2016-08-05,'000717,*ST…ÿ∏÷,3.09,3.09,2.97,2.98,2.94,0.15,5.102,58119729,178114270.82
2016-08-04,'000717,*ST…ÿ∏÷,2.94,2.94,2.79,2.8,2.8,0.14,5.0,18924945,54663339.44
2016-08-03,'000717,*ST…ÿ∏÷,2.8,2.81,2.79,2.8,2.81,-0.01,-0.3559,9357550,26199209.39
2016-08-02,'000717,*ST…ÿ∏÷,2.81,2.81,2.78,2.79,2.8,0.01,0.3571,10290647,28796901.6
2016-08-01,'000717,*ST…ÿ∏÷,2.8,2.86,2.76,2.86,2.86,-0.06,-2.0979,15025713,42072430.27
2016-07-29,'000717,*ST…ÿ∏÷,2.86,2.9,2.85,2.9,2.9,-0.04,-1.3793,14845272,42601477.72
2016-07-28,'000717,*ST…ÿ∏÷,2.9,2.93,2.88,2.91,2.92,-0.02,-0.6849,12292413,35663789.7
2016-07-27,'000717,*ST…ÿ∏÷,2.92,3.02,2.87,3.02,3.02,-0.1,-3.3113,30629226,90155566.66
2016-07-26,'000717,*ST…ÿ∏÷,3.02,3.03,2.99,3.0,3.0,0.02,0.6667,14039974,42298333.01
2016-07-25,'000717,*ST…ÿ∏÷,3.0,3.02,2.99,2.99,3.0,0.0,0.0,10740493,32258455.93
2016-07-22,'000717,*ST…ÿ∏÷,3.0,3.01,2.99,3.0,3.0,0.0,0.0,16115452,48338264.0
2016-07-21,'000717,*ST…ÿ∏÷,3.0,3.03,3.0,3.02,3.02,-0.02,-0.6623,16352287,49288791.74
2016-07-20,'000717,*ST…ÿ∏÷,3.02,3.04,3.01,3.04,3.04,-0.02,-0.6579,12224950,36910191.76
2016-07-19,'000717,*ST…ÿ∏÷,3.04,3.04,3.0,3.02,3.02,0.02,0.6623,14726523,44468483.31
2016-07-18,'000717,*ST…ÿ∏÷,3.02,3.05,3.01,3.05,3.05,-0.03,-0.9836,20476485,62034393.51
2016-07-15,'000717,*ST…ÿ∏÷,3.05,3.08,3.0,3.01,3.0,0.05,1.6667,30297091,92084595.74
2016-07-14,'000717,*ST…ÿ∏÷,3.0,3.03,2.99,3.02,3.03,-0.03,-0.9901,16871230,50762344.0
2016-07-13,'000717,*ST…ÿ∏÷,3.03,3.04,3.0,3.02,3.02,0.01,0.3311,22714178,68641989.33
2016-07-12,'000717,*ST…ÿ∏÷,3.02,3.05,2.98,3.01,3.02,0.0,0.0,31516528,94944961.89
2016-07-11,'000717,*ST…ÿ∏÷,3.02,3.09,2.97,2.98,2.97,0.05,1.6835,29733568,90128288.32
2016-07-08,'000717,*ST…ÿ∏÷,2.97,3.0,2.97,3.0,2.99,-0.02,-0.6689,15761601,46957002.21
2016-07-07,'000717,*ST…ÿ∏÷,2.99,3.02,2.97,3.0,3.0,-0.01,-0.3333,19275963,57725245.36
2016-07-06,'000717,*ST…ÿ∏÷,3.0,3.03,2.99,3.02,3.03,-0.03,-0.9901,20162029,60493594.79
2016-07-05,'000717,*ST…ÿ∏÷,3.03,3.06,2.99,3.01,3.01,0.02,0.6645,34224410,103518041.92
2016-07-04,'000717,*ST…ÿ∏÷,3.01,3.02,2.95,2.96,2.98,0.03,1.0067,30640192,91705948.39
2016-07-01,'000717,*ST…ÿ∏÷,2.98,2.99,2.96,2.97,2.97,0.01,0.3367,15515947,46130021.12
2016-06-30,'000717,*ST…ÿ∏÷,2.97,3.0,2.96,2.99,2.98,-0.01,-0.3356,16949020,50370952.8
2016-06-29,'000717,*ST…ÿ∏÷,2.98,3.01,2.97,3.0,3.0,-0.02,-0.6667,27356865,81596045.34
2016-06-28,'000717,*ST…ÿ∏÷,3.0,3.06,2.97,3.03,3.03,-0.03,-0.9901,33021740,99344148.34
2016-06-27,'000717,*ST…ÿ∏÷,3.03,3.03,2.91,2.93,2.89,0.14,4.8443,42016108,126194262.01
2016-06-24,'000717,*ST…ÿ∏÷,2.89,3.02,2.87,3.02,3.02,-0.13,-4.3046,43585751,127366233.41
2016-06-23,'000717,*ST…ÿ∏÷,3.02,3.08,2.96,2.97,2.97,0.05,1.6835,38513296,116356108.11
2016-06-22,'000717,*ST…ÿ∏÷,2.97,3.02,2.93,2.96,3.07,-0.1,-3.2573,52687544,156680901.96
2016-06-21,'000717,*ST…ÿ∏÷,3.07,3.19,3.07,3.07,3.23,-0.16,-4.9536,109260881,337352462.15
2016-06-20,'000717,*ST…ÿ∏÷,3.23,3.23,3.23,3.23,3.4,-0.17,-5.0,2428600,7844378.0
2016-06-17,'000717,*ST…ÿ∏÷,3.4,3.4,3.4,3.4,3.58,-0.18,-5.0279,6078000,20665200.0
2016-06-16,'000717,*ST…ÿ∏÷,3.58,3.58,3.58,3.58,3.77,-0.19,-5.0398,4232900,15153782.0
2016-06-15,'000717,*ST…ÿ∏÷,3.77,3.77,3.77,3.77,3.97,-0.2,-5.0378,3933400,14828918.0
2016-06-14,'000717,*ST…ÿ∏÷,3.97,3.97,3.97,3.97,4.18,-0.21,-5.0239,775000,3076750.0
2016-06-13,'000717,*ST…ÿ∏÷,4.18,4.18,4.18,4.18,4.4,-0.22,-5.0,1580900,6608162.0
2016-06-08,'000717,*ST…ÿ∏÷,0.0,0.0,0.0,0.0,4.4,None,None,0,0.0
2016-06-07,'000717,*ST…ÿ∏÷,0.0,0.0,0.0,0.0,4.4,None,None,0,0.0
2016-06-06,'000717,*ST…ÿ∏÷,0.0,0.0,0.0,0.0,4.4,None,None,0,0.0
2016-06-03,'000717,*ST…ÿ∏÷,0.0,0.0,0.0,0.0,4.4,None,None,0,0.0
2016-06-02,'000717,*ST…ÿ∏÷,0.0,0.0,0.0,0.0,4.4,None,None,0,0.0
2016-06-01,'000717,*ST…ÿ∏÷,0.0,0.0,0.0,0.0,4.4,None,None,0,0.0
2016-05-31,'000717,*ST…ÿ∏÷,0.0,0.0,0.0,0.0,4.4,None,None,0,0.0
2016-05-30,'000717,*ST…ÿ∏÷,0.0,0.0,0.0,0.0,4.4,None,None,0,0.0
2016-05-27,'000717,*ST…ÿ∏÷,0.0,0.0,0.0,0.0,4.4,None,None,0,0.0
2016-05-26,'000717,*ST…ÿ∏÷,0.0,0.0,0.0,0.0,4.4,None,None,0,0.0
2016-05-25,'000717,*ST…ÿ∏÷,0.0,0.0,0.0,0.0,4.4,None,None,0,0.0
2016-05-24,'000717,*ST…ÿ∏÷,0.0,0.0,0.0,0.0,4.4,None,None,0,0.0
2016-05-23,'000717,*ST…ÿ∏÷,0.0,0.0,0.0,0.0,4.4,None,None,0,0.0
2016-05-20,'000717,*ST…ÿ∏÷,0.0,0.0,0.0,0.0,4.4,None,None,0,0.0
2016-05-19,'000717,*ST…ÿ∏÷,0.0,0.0,0.0,0.0,4.4,None,None,0,0.0
2016-05-18,'000717,*ST…ÿ∏÷,0.0,0.0,0.0,0.0,4.4,None,None,0,0.0
2016-05-17,'000717,*ST…ÿ∏÷,0.0,0.0,0.0,0.0,4.4,None,None,0,0.0
2016-05-16,'000717,*ST…ÿ∏÷,0.0,0.0,0.0,0.0,4.4,None,None,0,0.0
2016-05-13,'000717,*ST…ÿ∏÷,0.0,0.0,0.0,0.0,4.4,None,None,0,0.0
2016-05-12,'000717,*ST…ÿ∏÷,0.0,0.0,0.0,0.0,4.4,None,None,0,0.0
2016-05-11,'000717,*ST…ÿ∏÷,0.0,0.0,0.0,0.0,4.4,None,None,0,0.0
2016-05-10,'000717,*ST…ÿ∏÷,0.0,0.0,0.0,0.0,4.4,None,None,0,0.0
2016-05-09,'000717,*ST…ÿ∏÷,0.0,0.0,0.0,0.0,4.4,None,None,0,0.0
2016-05-06,'000717,*ST…ÿ∏÷,0.0,0.0,0.0,0.0,4.4,None,None,0,0.0
2016-05-05,'000717,*ST…ÿ∏÷,0.0,0.0,0.0,0.0,4.4,None,None,0,0.0
2016-05-04,'000717,*ST…ÿ∏÷,0.0,0.0,0.0,0.0,4.4,None,None,0,0.0
2016-05-03,'000717,*ST…ÿ∏÷,0.0,0.0,0.0,0.0,4.4,None,None,0,0.0
2016-04-29,'000717,*ST…ÿ∏÷,0.0,0.0,0.0,0.0,4.4,None,None,0,0.0
2016-04-28,'000717,*ST…ÿ∏÷,0.0,0.0,0.0,0.0,4.4,None,None,0,0.0
2016-04-27,'000717,*ST…ÿ∏÷,0.0,0.0,0.0,0.0,4.4,None,None,0,0.0
2016-04-26,'000717,*ST…ÿ∏÷,0.0,0.0,0.0,0.0,4.4,None,None,0,0.0
2016-04-25,'000717,*ST…ÿ∏÷,0.0,0.0,0.0,0.0,4.4,None,None,0,0.0
2016-04-22,'000717,*ST…ÿ∏÷,0.0,0.0,0.0,0.0,4.4,None,None,0,0.0
2016-04-21,'000717,*ST…ÿ∏÷,0.0,0.0,0.0,0.0,4.4,None,None,0,0.0
2016-04-20,'000717,…ÿ∏÷À……Ω,0.0,0.0,0.0,0.0,4.4,None,None,0,0.0
2016-04-19,'000717,…ÿ∏÷À……Ω,0.0,0.0,0.0,0.0,4.4,None,None,0,0.0
2016-04-18,'000717,…ÿ∏÷À……Ω,0.0,0.0,0.0,0.0,4.4,None,None,0,0.0
2016-04-15,'000717,…ÿ∏÷À……Ω,0.0,0.0,0.0,0.0,4.4,None,None,0,0.0
2016-04-14,'000717,…ÿ∏÷À……Ω,0.0,0.0,0.0,0.0,4.4,None,None,0,0.0
2016-04-13,'000717,…ÿ∏÷À……Ω,0.0,0.0,0.0,0.0,4.4,None,None,0,0.0
2016-04-12,'000717,…ÿ∏÷À……Ω,0.0,0.0,0.0,0.0,4.4,None,None,0,0.0
2016-04-11,'000717,…ÿ∏÷À……Ω,0.0,0.0,0.0,0.0,4.4,None,None,0,0.0
2016-04-08,'000717,…ÿ∏÷À……Ω,0.0,0.0,0.0,0.0,4.4,None,None,0,0.0
2016-04-07,'000717,…ÿ∏÷À……Ω,0.0,0.0,0.0,0.0,4.4,None,None,0,0.0
2016-04-06,'000717,…ÿ∏÷À……Ω,0.0,0.0,0.0,0.0,4.4,None,None,0,0.0
2016-04-05,'000717,…ÿ∏÷À……Ω,0.0,0.0,0.0,0.0,4.4,None,None,0,0.0
2016-04-01,'000717,…ÿ∏÷À……Ω,0.0,0.0,0.0,0.0,4.4,None,None,0,0.0
2016-03-31,'000717,…ÿ∏÷À……Ω,0.0,0.0,0.0,0.0,4.4,None,None,0,0.0
2016-03-30,'000717,…ÿ∏÷À……Ω,0.0,0.0,0.0,0.0,4.4,None,None,0,0.0
2016-03-29,'000717,…ÿ∏÷À……Ω,0.0,0.0,0.0,0.0,4.4,None,None,0,0.0
2016-03-28,'000717,…ÿ∏÷À……Ω,0.0,0.0,0.0,0.0,4.4,None,None,0,0.0
2016-03-25,'000717,…ÿ∏÷À……Ω,0.0,0.0,0.0,0.0,4.4,None,None,0,0.0
2016-03-24,'000717,…ÿ∏÷À……Ω,0.0,0.0,0.0,0.0,4.4,None,None,0,0.0
2016-03-23,'000717,…ÿ∏÷À……Ω,0.0,0.0,0.0,0.0,4.4,None,None,0,0.0
2016-03-22,'000717,…ÿ∏÷À……Ω,0.0,0.0,0.0,0.0,4.4,None,None,0,0.0
2016-03-21,'000717,…ÿ∏÷À……Ω,0.0,0.0,0.0,0.0,4.4,None,None,0,0.0
2016-03-18,'000717,…ÿ∏÷À……Ω,0.0,0.0,0.0,0.0,4.4,None,None,0,0.0
2016-03-17,'000717,…ÿ∏÷À……Ω,0.0,0.0,0.0,0.0,4.4,None,None,0,0.0
2016-03-16,'000717,…ÿ∏÷À……Ω,0.0,0.0,0.0,0.0,4.4,None,None,0,0.0
2016-03-15,'000717,…ÿ∏÷À……Ω,0.0,0.0,0.0,0.0,4.4,None,None,0,0.0
2016-03-14,'000717,…ÿ∏÷À……Ω,0.0,0.0,0.0,0.0,4.4,None,None,0,0.0
2016-03-11,'000717,…ÿ∏÷À……Ω,0.0,0.0,0.0,0.0,4.4,None,None,0,0.0
2016-03-10,'000717,…ÿ∏÷À……Ω,0.0,0.0,0.0,0.0,4.4,None,None,0,0.0
2016-03-09,'000717,…ÿ∏÷À……Ω,0.0,0.0,0.0,0.0,4.4,None,None,0,0.0
2016-03-08,'000717,…ÿ∏÷À……Ω,0.0,0.0,0.0,0.0,4.4,None,None,0,0.0
2016-03-07,'000717,…ÿ∏÷À……Ω,0.0,0.0,0.0,0.0,4.4,None,None,0,0.0
2016-03-04,'000717,…ÿ∏÷À……Ω,0.0,0.0,0.0,0.0,4.4,None,None,0,0.0
2016-03-03,'000717,…ÿ∏÷À……Ω,0.0,0.0,0.0,0.0,4.4,None,None,0,0.0
2016-03-02,'000717,…ÿ∏÷À……Ω,0.0,0.0,0.0,0.0,4.4,None,None,0,0.0
2016-03-01,'000717,…ÿ∏÷À……Ω,0.0,0.0,0.0,0.0,4.4,None,None,0,0.0
2016-02-29,'000717,…ÿ∏÷À……Ω,0.0,0.0,0.0,0.0,4.4,None,None,0,0.0
2016-02-26,'000717,…ÿ∏÷À……Ω,0.0,0.0,0.0,0.0,4.4,None,None,0,0.0
2016-02-25,'000717,…ÿ∏÷À……Ω,0.0,0.0,0.0,0.0,4.4,None,None,0,0.0
2016-02-24,'000717,…ÿ∏÷À……Ω,0.0,0.0,0.0,0.0,4.4,None,None,0,0.0
2016-02-23,'000717,…ÿ∏÷À……Ω,0.0,0.0,0.0,0.0,4.4,None,None,0,0.0
2016-02-22,'000717,…ÿ∏÷À……Ω,0.0,0.0,0.0,0.0,4.4,None,None,0,0.0
2016-02-19,'000717,…ÿ∏÷À……Ω,0.0,0.0,0.0,0.0,4.4,None,None,0,0.0
2016-02-18,'000717,…ÿ∏÷À……Ω,0.0,0.0,0.0,0.0,4.4,None,None,0,0.0
2016-02-17,'000717,…ÿ∏÷À……Ω,0.0,0.0,0.0,0.0,4.4,None,None,0,0.0
2016-02-16,'000717,…ÿ∏÷À……Ω,0.0,0.0,0.0,0.0,4.4,None,None,0,0.0
2016-02-15,'000717,…ÿ∏÷À……Ω,0.0,0.0,0.0,0.0,4.4,None,None,0,0.0
2016-02-05,'000717,…ÿ∏÷À……Ω,0.0,0.0,0.0,0.0,4.4,None,None,0,0.0
2016-02-04,'000717,…ÿ∏÷À……Ω,0.0,0.0,0.0,0.0,4.4,None,None,0,0.0
2016-02-03,'000717,…ÿ∏÷À……Ω,0.0,0.0,0.0,0.0,4.4,None,None,0,0.0
2016-02-02,'000717,…ÿ∏÷À……Ω,0.0,0.0,0.0,0.0,4.4,None,None,0,0.0
2016-02-01,'000717,…ÿ∏÷À……Ω,0.0,0.0,0.0,0.0,4.4,None,None,0,0.0
2016-01-29,'000717,…ÿ∏÷À……Ω,4.4,4.4,3.86,4.03,4.05,0.35,8.642,47367338,192162259.55
2016-01-28,'000717,…ÿ∏÷À……Ω,4.05,4.48,4.05,4.43,4.5,-0.45,-10.0,38646884,163339100.83
2016-01-27,'000717,…ÿ∏÷À……Ω,4.5,4.6,4.24,4.37,4.36,0.14,3.211,38658440,172093259.84
2016-01-26,'000717,…ÿ∏÷À……Ω,4.36,4.65,4.22,4.5,4.62,-0.26,-5.6277,35769179,160990624.21
2016-01-25,'000717,…ÿ∏÷À……Ω,4.62,4.78,4.4,4.46,4.46,0.16,3.5874,57136776,263292939.18
2016-01-22,'000717,…ÿ∏÷À……Ω,4.46,4.46,4.14,4.16,4.05,0.41,10.1235,71772630,318244794.43
2016-01-21,'000717,…ÿ∏÷À……Ω,4.05,4.27,4.05,4.1,4.21,-0.16,-3.8005,22817187,95232324.83
2016-01-20,'000717,…ÿ∏÷À……Ω,4.21,4.31,4.13,4.17,4.22,-0.01,-0.237,28107630,119026765.01
2016-01-19,'000717,…ÿ∏÷À……Ω,4.22,4.26,3.99,4.02,4.02,0.2,4.9751,30486344,126592247.28
2016-01-18,'000717,…ÿ∏÷À……Ω,4.02,4.1,3.86,3.95,4.05,-0.03,-0.7407,24400845,97882215.12
2016-01-15,'000717,…ÿ∏÷À……Ω,4.05,4.29,4.0,4.24,4.34,-0.29,-6.682,33421876,138119025.8
2016-01-14,'000717,…ÿ∏÷À……Ω,4.34,4.38,4.0,4.14,4.26,0.08,1.8779,33229827,138380157.02
2016-01-13,'000717,…ÿ∏÷À……Ω,4.26,4.61,4.25,4.39,4.37,-0.11,-2.5172,34096014,152304755.74
2016-01-12,'000717,…ÿ∏÷À……Ω,4.37,4.62,4.28,4.5,4.54,-0.17,-3.7445,29436893,129387580.74
2016-01-11,'000717,…ÿ∏÷À……Ω,4.54,4.97,4.54,4.9,5.04,-0.5,-9.9206,58553782,275447827.56
2016-01-08,'000717,…ÿ∏÷À……Ω,5.04,5.17,4.6,4.85,4.74,0.3,6.3291,73271504,363496393.03
2016-01-07,'000717,…ÿ∏÷À……Ω,4.74,5.14,4.73,5.13,5.26,-0.52,-9.8859,21505946,105195038.12
2016-01-06,'000717,…ÿ∏÷À……Ω,5.26,5.33,4.87,4.94,4.93,0.33,6.6937,82345193,425540767.48
2016-01-05,'000717,…ÿ∏÷À……Ω,4.93,5.05,4.56,4.59,4.76,0.17,3.5714,47666260,233298608.79
2016-01-04,'000717,…ÿ∏÷À……Ω,4.76,5.02,4.63,4.98,4.99,-0.23,-4.6092,38699528,187184187.77
2015-12-31,'000717,…ÿ∏÷À……Ω,4.99,5.14,4.99,5.05,5.06,-0.07,-1.3834,26694541,134824415.77
2015-12-30,'000717,…ÿ∏÷À……Ω,5.06,5.13,5.02,5.1,5.09,-0.03,-0.5894,20752955,105083636.26
2015-12-29,'000717,…ÿ∏÷À……Ω,5.09,5.18,5.05,5.1,5.13,-0.04,-0.7797,30297090,154477625.88
2015-12-28,'000717,…ÿ∏÷À……Ω,5.13,5.29,5.08,5.14,5.15,-0.02,-0.3883,48043047,249235614.37
2015-12-25,'000717,…ÿ∏÷À……Ω,5.15,5.24,5.0,5.09,5.09,0.06,1.1788,29112617,149783757.72
2015-12-24,'000717,…ÿ∏÷À……Ω,5.09,5.15,4.98,5.09,5.1,-0.01,-0.1961,23026090,116741640.2
2015-12-23,'000717,…ÿ∏÷À……Ω,5.1,5.32,5.08,5.24,5.28,-0.18,-3.4091,38906693,201183913.62
2015-12-22,'000717,…ÿ∏÷À……Ω,5.28,5.47,5.12,5.16,5.16,0.12,2.3256,58597572,309248365.9
2015-12-21,'000717,…ÿ∏÷À……Ω,5.16,5.2,5.06,5.09,5.09,0.07,1.3752,31504599,162163827.78
2015-12-18,'000717,…ÿ∏÷À……Ω,5.09,5.22,5.03,5.18,5.22,-0.13,-2.4904,37943676,193605318.43
2015-12-17,'000717,…ÿ∏÷À……Ω,5.22,5.3,5.07,5.07,5.1,0.12,2.3529,51069659,265791648.98
2015-12-16,'000717,…ÿ∏÷À……Ω,5.1,5.2,5.08,5.17,5.19,-0.09,-1.7341,33753864,173014300.09
2015-12-15,'000717,…ÿ∏÷À……Ω,5.19,5.29,5.11,5.18,5.18,0.01,0.1931,38662924,200265095.84
2015-12-14,'000717,…ÿ∏÷À……Ω,5.18,5.37,5.0,5.05,5.1,0.08,1.5686,76956716,401059903.36
2015-12-11,'000717,…ÿ∏÷À……Ω,5.1,5.14,4.86,4.88,4.88,0.22,4.5082,64993759,327182445.2